# Made in Blockbench 4.12.4
mtllib kaba.mtl

o g_rd
v 0.4375 2 -0.25
v 0.4375 2 -0.3125
v 0.4375 1.9375 -0.25
v 0.4375 1.9375 -0.3125
v 0 2 -0.25
v 0 2 -0.3125
v 0 1.9375 -0.25
v 0 1.9375 -0.3125
v 0.375 0.25 -0.25
v 0.375 0.25 -0.2515625
v 0.375 0.0625 -0.25
v 0.375 0.0625 -0.2515625
v 0 0.25 -0.25
v 0 0.25 -0.2515625
v 0 0.0625 -0.25
v 0 0.0625 -0.2515625
v 0.4375 0.3125 -0.25
v 0.4375 0.3125 -0.3125
v 0.4375 0.25 -0.25
v 0.4375 0.25 -0.3125
v 0 0.3125 -0.25
v 0 0.3125 -0.3125
v 0 0.25 -0.25
v 0 0.25 -0.3125
v 0.4375 0.0625 -0.25
v 0.4375 0.0625 -0.3125
v 0.4375 0 -0.25
v 0.4375 0 -0.3125
v 0 0.0625 -0.25
v 0 0.0625 -0.3125
v 0 0 -0.25
v 0 0 -0.3125
v 0.4375 1.9375 -0.25
v 0.4375 1.9375 -0.3125
v 0.4375 0.3125 -0.25
v 0.4375 0.3125 -0.3125
v 0.375 1.9375 -0.25
v 0.375 1.9375 -0.3125
v 0.375 0.3125 -0.25
v 0.375 0.3125 -0.3125
v 0.4375 0.25 -0.25
v 0.4375 0.25 -0.3125
v 0.4375 0.0625 -0.25
v 0.4375 0.0625 -0.3125
v 0.375 0.25 -0.25
v 0.375 0.25 -0.3125
v 0.375 0.0625 -0.25
v 0.375 0.0625 -0.3125
v 0.5 2 -0.25
v 0.5 2 -0.375
v 0.5 0 -0.25
v 0.5 0 -0.375
v 0.4375 2 -0.25
v 0.4375 2 -0.375
v 0.4375 0 -0.25
v 0.4375 0 -0.375
vt 0.0625 0.9375
vt 0.0625 1
vt 0 1
vt 0 0.9375
vt 0.0625 0.9375
vt 0.0625 1
vt 0 1
vt 0 0.9375
vt 0.4375 0.9375
vt 0.4375 1
vt 0 1
vt 0 0.9375
vt 0.4375 0.9375
vt 0.4375 1
vt 0 1
vt 0 0.9375
vt 0.4375 0.9375
vt 0.4375 1
vt 0 1
vt 0 0.9375
vt 0.4375 0.9375
vt 0.4375 1
vt 0 1
vt 0 0.9375
vt 0.0015625000000000222 0.8125
vt 0.0015625000000000222 1
vt 0 1
vt 0 0.8125
vt 0.0015625000000000222 0.8125
vt 0.0015625000000000222 1
vt 0 1
vt 0 0.8125
vt 0.375 0.9984375
vt 0.375 1
vt 0 1
vt 0 0.9984375
vt 0.375 0.9984375
vt 0.375 1
vt 0 1
vt 0 0.9984375
vt 0.375 0.8125
vt 0.375 1
vt 0 1
vt 0 0.8125
vt 0.375 0.8125
vt 0.375 1
vt 0 1
vt 0 0.8125
vt 0.0625 0.9375
vt 0.0625 1
vt 0 1
vt 0 0.9375
vt 0.0625 0.9375
vt 0.0625 1
vt 0 1
vt 0 0.9375
vt 0.4375 0.9375
vt 0.4375 1
vt 0 1
vt 0 0.9375
vt 0.4375 0.9375
vt 0.4375 1
vt 0 1
vt 0 0.9375
vt 0.4375 0.9375
vt 0.4375 1
vt 0 1
vt 0 0.9375
vt 0.4375 0.9375
vt 0.4375 1
vt 0 1
vt 0 0.9375
vt 0.0625 0.9375
vt 0.0625 1
vt 0 1
vt 0 0.9375
vt 0.0625 0.9375
vt 0.0625 1
vt 0 1
vt 0 0.9375
vt 0.4375 0.9375
vt 0.4375 1
vt 0 1
vt 0 0.9375
vt 0.4375 0.9375
vt 0.4375 1
vt 0 1
vt 0 0.9375
vt 0.4375 0.9375
vt 0.4375 1
vt 0 1
vt 0 0.9375
vt 0.4375 0.9375
vt 0.4375 1
vt 0 1
vt 0 0.9375
vt 0.0625 0
vt 0.0625 1
vt 0 1
vt 0 0
vt 0.0625 0
vt 0.0625 1
vt 0 1
vt 0 0
vt 0.0625 0.9375
vt 0.0625 1
vt 0 1
vt 0 0.9375
vt 0.0625 0.9375
vt 0.0625 1
vt 0 1
vt 0 0.9375
vt 0.0625 0
vt 0.0625 1
vt 0 1
vt 0 0
vt 0.0625 0
vt 0.0625 1
vt 0 1
vt 0 0
vt 0.0625 0.8125
vt 0.0625 1
vt 0 1
vt 0 0.8125
vt 0.0625 0.8125
vt 0.0625 1
vt 0 1
vt 0 0.8125
vt 0.0625 0.9375
vt 0.0625 1
vt 0 1
vt 0 0.9375
vt 0.0625 0.9375
vt 0.0625 1
vt 0 1
vt 0 0.9375
vt 0.0625 0.8125
vt 0.0625 1
vt 0 1
vt 0 0.8125
vt 0.0625 0.8125
vt 0.0625 1
vt 0 1
vt 0 0.8125
vt 0.125 0
vt 0.125 1
vt 0 1
vt 0 0
vt 0.125 0
vt 0.125 1
vt 0 1
vt 0 0
vt 0.0625 0.875
vt 0.0625 1
vt 0 1
vt 0 0.875
vt 0.0625 0.875
vt 0.0625 1
vt 0 1
vt 0 0.875
vt 0.0625 0
vt 0.0625 1
vt 0 1
vt 0 0
vt 0.0625 0
vt 0.0625 1
vt 0 1
vt 0 0
vn 1 0 0
vn -1 0 0
vn 0 1 0
vn 0 -1 0
vn 0 0 1
vn 0 0 -1
vn 1 0 0
vn -1 0 0
vn 0 1 0
vn 0 -1 0
vn 0 0 1
vn 0 0 -1
vn 1 0 0
vn -1 0 0
vn 0 1 0
vn 0 -1 0
vn 0 0 1
vn 0 0 -1
vn 1 0 0
vn -1 0 0
vn 0 1 0
vn 0 -1 0
vn 0 0 1
vn 0 0 -1
vn 1 0 0
vn -1 0 0
vn 0 1 0
vn 0 -1 0
vn 0 0 1
vn 0 0 -1
vn 1 0 0
vn -1 0 0
vn 0 1 0
vn 0 -1 0
vn 0 0 1
vn 0 0 -1
vn 1 0 0
vn -1 0 0
vn 0 1 0
vn 0 -1 0
vn 0 0 1
vn 0 0 -1
usemtl m_cc4cbd32-c453-a4c6-e794-5e5fa231e7f1
f 4/1/1 2/2/1 1/3/1
f 4/1/1 1/3/1 3/4/1
f 7/5/2 5/6/2 6/7/2
f 7/5/2 6/7/2 8/8/2
f 1/9/3 2/10/3 6/11/3
f 1/9/3 6/11/3 5/12/3
f 4/13/4 3/14/4 7/15/4
f 4/13/4 7/15/4 8/16/4
usemtl m_95e20f84-55bb-7186-f91a-586499bd637e
f 3/17/5 1/18/5 5/19/5
f 3/17/5 5/19/5 7/20/5
usemtl m_cc4cbd32-c453-a4c6-e794-5e5fa231e7f1
f 8/21/6 6/22/6 2/23/6
f 8/21/6 2/23/6 4/24/6
f 12/25/7 10/26/7 9/27/7
f 12/25/7 9/27/7 11/28/7
f 15/29/8 13/30/8 14/31/8
f 15/29/8 14/31/8 16/32/8
f 9/33/9 10/34/9 14/35/9
f 9/33/9 14/35/9 13/36/9
f 12/37/10 11/38/10 15/39/10
f 12/37/10 15/39/10 16/40/10
usemtl m_f59e3bac-8fcc-890c-63e5-9d78c1a9e541
f 11/41/11 9/42/11 13/43/11
f 11/41/11 13/43/11 15/44/11
usemtl m_cc4cbd32-c453-a4c6-e794-5e5fa231e7f1
f 16/45/12 14/46/12 10/47/12
f 16/45/12 10/47/12 12/48/12
f 20/49/13 18/50/13 17/51/13
f 20/49/13 17/51/13 19/52/13
f 23/53/14 21/54/14 22/55/14
f 23/53/14 22/55/14 24/56/14
f 17/57/15 18/58/15 22/59/15
f 17/57/15 22/59/15 21/60/15
f 20/61/16 19/62/16 23/63/16
f 20/61/16 23/63/16 24/64/16
usemtl m_95e20f84-55bb-7186-f91a-586499bd637e
f 19/65/17 17/66/17 21/67/17
f 19/65/17 21/67/17 23/68/17
usemtl m_cc4cbd32-c453-a4c6-e794-5e5fa231e7f1
f 24/69/18 22/70/18 18/71/18
f 24/69/18 18/71/18 20/72/18
f 28/73/19 26/74/19 25/75/19
f 28/73/19 25/75/19 27/76/19
f 31/77/20 29/78/20 30/79/20
f 31/77/20 30/79/20 32/80/20
f 25/81/21 26/82/21 30/83/21
f 25/81/21 30/83/21 29/84/21
f 28/85/22 27/86/22 31/87/22
f 28/85/22 31/87/22 32/88/22
usemtl m_f59e3bac-8fcc-890c-63e5-9d78c1a9e541
f 27/89/23 25/90/23 29/91/23
f 27/89/23 29/91/23 31/92/23
usemtl m_cc4cbd32-c453-a4c6-e794-5e5fa231e7f1
f 32/93/24 30/94/24 26/95/24
f 32/93/24 26/95/24 28/96/24
f 36/97/25 34/98/25 33/99/25
f 36/97/25 33/99/25 35/100/25
f 39/101/26 37/102/26 38/103/26
f 39/101/26 38/103/26 40/104/26
f 33/105/27 34/106/27 38/107/27
f 33/105/27 38/107/27 37/108/27
f 36/109/28 35/110/28 39/111/28
f 36/109/28 39/111/28 40/112/28
usemtl m_95e20f84-55bb-7186-f91a-586499bd637e
f 35/113/29 33/114/29 37/115/29
f 35/113/29 37/115/29 39/116/29
usemtl m_cc4cbd32-c453-a4c6-e794-5e5fa231e7f1
f 40/117/30 38/118/30 34/119/30
f 40/117/30 34/119/30 36/120/30
f 44/121/31 42/122/31 41/123/31
f 44/121/31 41/123/31 43/124/31
f 47/125/32 45/126/32 46/127/32
f 47/125/32 46/127/32 48/128/32
f 41/129/33 42/130/33 46/131/33
f 41/129/33 46/131/33 45/132/33
f 44/133/34 43/134/34 47/135/34
f 44/133/34 47/135/34 48/136/34
usemtl m_f59e3bac-8fcc-890c-63e5-9d78c1a9e541
f 43/137/35 41/138/35 45/139/35
f 43/137/35 45/139/35 47/140/35
usemtl m_cc4cbd32-c453-a4c6-e794-5e5fa231e7f1
f 48/141/36 46/142/36 42/143/36
f 48/141/36 42/143/36 44/144/36
f 52/145/37 50/146/37 49/147/37
f 52/145/37 49/147/37 51/148/37
f 55/149/38 53/150/38 54/151/38
f 55/149/38 54/151/38 56/152/38
f 49/153/39 50/154/39 54/155/39
f 49/153/39 54/155/39 53/156/39
f 52/157/40 51/158/40 55/159/40
f 52/157/40 55/159/40 56/160/40
f 51/161/41 49/162/41 53/163/41
f 51/161/41 53/163/41 55/164/41
f 56/165/42 54/166/42 50/167/42
f 56/165/42 50/167/42 52/168/42
o l_c
v 0.46875 2 -0.375
v 0.46875 2 -0.4375
v 0.46875 1.9375 -0.375
v 0.46875 1.9375 -0.4375
v -0.5 2 -0.375
v -0.5 2 -0.4375
v -0.5 1.9375 -0.375
v -0.5 1.9375 -0.4375
v 0.46875 0.1875 -0.375
v 0.46875 0.1875 -0.4375
v 0.46875 0 -0.375
v 0.46875 0 -0.4375
v -0.5 0.1875 -0.375
v -0.5 0.1875 -0.4375
v -0.5 0 -0.375
v -0.5 0 -0.4375
v 0.46875 0.25 -0.375
v 0.46875 0.25 -0.4375
v 0.46875 0.1875 -0.375
v 0.46875 0.1875 -0.4375
v -0.5 0.25 -0.375
v -0.5 0.25 -0.4375
v -0.5 0.1875 -0.375
v -0.5 0.1875 -0.4375
v 0.5 0.25 -0.375
v 0.5 0.25 -0.4375
v 0.5 0 -0.375
v 0.5 0 -0.4375
v 0.46875 0.25 -0.375
v 0.46875 0.25 -0.4375
v 0.46875 0 -0.375
v 0.46875 0 -0.4375
v 0.5 2 -0.375
v 0.5 2 -0.4375
v 0.5 0.25 -0.375
v 0.5 0.25 -0.4375
v 0.46875 2 -0.375
v 0.46875 2 -0.4375
v 0.46875 0.25 -0.375
v 0.46875 0.25 -0.4375
v 0.46875 1.9375 -0.375
v 0.46875 1.9375 -0.4375
v 0.46875 0.25 -0.375
v 0.46875 0.25 -0.4375
v 0.40625 1.9375 -0.375
v 0.40625 1.9375 -0.4375
v 0.40625 0.25 -0.375
v 0.40625 0.25 -0.4375
v -0.4375 1.9375 -0.375
v -0.4375 1.9375 -0.4375
v -0.4375 0.25 -0.375
v -0.4375 0.25 -0.4375
v -0.5 1.9375 -0.375
v -0.5 1.9375 -0.4375
v -0.5 0.25 -0.375
v -0.5 0.25 -0.4375
vt 0.0625 0.9375
vt 0.0625 1
vt 0 1
vt 0 0.9375
vt 0.0625 0.9375
vt 0.0625 1
vt 0 1
vt 0 0.9375
vt 0.96875 0.9375
vt 0.96875 1
vt 0 1
vt 0 0.9375
vt 0.96875 0.9375
vt 0.96875 1
vt 0 1
vt 0 0.9375
vt 0.96875 0.9375
vt 0.96875 1
vt 0 1
vt 0 0.9375
vt 0.96875 0.9375
vt 0.96875 1
vt 0 1
vt 0 0.9375
vt 0.0625 0.8125
vt 0.0625 1
vt 0 1
vt 0 0.8125
vt 0.0625 0.8125
vt 0.0625 1
vt 0 1
vt 0 0.8125
vt 0.96875 0.9375
vt 0.96875 1
vt 0 1
vt 0 0.9375
vt 0.96875 0.9375
vt 0.96875 1
vt 0 1
vt 0 0.9375
vt 0.96875 0.8125
vt 0.96875 1
vt 0 1
vt 0 0.8125
vt 0.96875 0.8125
vt 0.96875 1
vt 0 1
vt 0 0.8125
vt 0.0625 0.9375
vt 0.0625 1
vt 0 1
vt 0 0.9375
vt 0.0625 0.9375
vt 0.0625 1
vt 0 1
vt 0 0.9375
vt 0.96875 0.9375
vt 0.96875 1
vt 0 1
vt 0 0.9375
vt 0.96875 0.9375
vt 0.96875 1
vt 0 1
vt 0 0.9375
vt 0.96875 0.9375
vt 0.96875 1
vt 0 1
vt 0 0.9375
vt 0.96875 0.9375
vt 0.96875 1
vt 0 1
vt 0 0.9375
vt 0.0625 0.75
vt 0.0625 1
vt 0 1
vt 0 0.75
vt 0.0625 0.75
vt 0.0625 1
vt 0 1
vt 0 0.75
vt 0.03125 0.9375
vt 0.03125 1
vt 0 1
vt 0 0.9375
vt 0.03125 0.9375
vt 0.03125 1
vt 0 1
vt 0 0.9375
vt 0.03125 0.75
vt 0.03125 1
vt 0 1
vt 0 0.75
vt 0.03125 0.75
vt 0.03125 1
vt 0 1
vt 0 0.75
vt 0.0625 0
vt 0.0625 1
vt 0 1
vt 0 0
vt 0.0625 0
vt 0.0625 1
vt 0 1
vt 0 0
vt 0.03125 0.9375
vt 0.03125 1
vt 0 1
vt 0 0.9375
vt 0.03125 0.9375
vt 0.03125 1
vt 0 1
vt 0 0.9375
vt 0.03125 0
vt 0.03125 1
vt 0 1
vt 0 0
vt 0.03125 0
vt 0.03125 1
vt 0 1
vt 0 0
vt 0.0625 0
vt 0.0625 1
vt 0 1
vt 0 0
vt 0.0625 0
vt 0.0625 1
vt 0 1
vt 0 0
vt 0.0625 0.9375
vt 0.0625 1
vt 0 1
vt 0 0.9375
vt 0.0625 0.9375
vt 0.0625 1
vt 0 1
vt 0 0.9375
vt 0.0625 0
vt 0.0625 1
vt 0 1
vt 0 0
vt 0.0625 0
vt 0.0625 1
vt 0 1
vt 0 0
vt 0.0625 0
vt 0.0625 1
vt 0 1
vt 0 0
vt 0.0625 0
vt 0.0625 1
vt 0 1
vt 0 0
vt 0.0625 0.9375
vt 0.0625 1
vt 0 1
vt 0 0.9375
vt 0.0625 0.9375
vt 0.0625 1
vt 0 1
vt 0 0.9375
vt 0.0625 0
vt 0.0625 1
vt 0 1
vt 0 0
vt 0.0625 0
vt 0.0625 1
vt 0 1
vt 0 0
vn 1 0 0
vn -1 0 0
vn 0 1 0
vn 0 -1 0
vn 0 0 1
vn 0 0 -1
vn 1 0 0
vn -1 0 0
vn 0 1 0
vn 0 -1 0
vn 0 0 1
vn 0 0 -1
vn 1 0 0
vn -1 0 0
vn 0 1 0
vn 0 -1 0
vn 0 0 1
vn 0 0 -1
vn 1 0 0
vn -1 0 0
vn 0 1 0
vn 0 -1 0
vn 0 0 1
vn 0 0 -1
vn 1 0 0
vn -1 0 0
vn 0 1 0
vn 0 -1 0
vn 0 0 1
vn 0 0 -1
vn 1 0 0
vn -1 0 0
vn 0 1 0
vn 0 -1 0
vn 0 0 1
vn 0 0 -1
vn 1 0 0
vn -1 0 0
vn 0 1 0
vn 0 -1 0
vn 0 0 1
vn 0 0 -1
usemtl m_95e20f84-55bb-7186-f91a-586499bd637e
f 60/169/43 58/170/43 57/171/43
f 60/169/43 57/171/43 59/172/43
usemtl m_cc4cbd32-c453-a4c6-e794-5e5fa231e7f1
f 63/173/44 61/174/44 62/175/44
f 63/173/44 62/175/44 64/176/44
usemtl m_95e20f84-55bb-7186-f91a-586499bd637e
f 57/177/45 58/178/45 62/179/45
f 57/177/45 62/179/45 61/180/45
usemtl m_cc4cbd32-c453-a4c6-e794-5e5fa231e7f1
f 60/181/46 59/182/46 63/183/46
f 60/181/46 63/183/46 64/184/46
usemtl m_95e20f84-55bb-7186-f91a-586499bd637e
f 59/185/47 57/186/47 61/187/47
f 59/185/47 61/187/47 63/188/47
usemtl m_cc4cbd32-c453-a4c6-e794-5e5fa231e7f1
f 64/189/48 62/190/48 58/191/48
f 64/189/48 58/191/48 60/192/48
f 68/193/49 66/194/49 65/195/49
f 68/193/49 65/195/49 67/196/49
f 71/197/50 69/198/50 70/199/50
f 71/197/50 70/199/50 72/200/50
f 65/201/51 66/202/51 70/203/51
f 65/201/51 70/203/51 69/204/51
f 68/205/52 67/206/52 71/207/52
f 68/205/52 71/207/52 72/208/52
usemtl m_f59e3bac-8fcc-890c-63e5-9d78c1a9e541
f 67/209/53 65/210/53 69/211/53
f 67/209/53 69/211/53 71/212/53
usemtl m_cc4cbd32-c453-a4c6-e794-5e5fa231e7f1
f 72/213/54 70/214/54 66/215/54
f 72/213/54 66/215/54 68/216/54
usemtl m_95e20f84-55bb-7186-f91a-586499bd637e
f 76/217/55 74/218/55 73/219/55
f 76/217/55 73/219/55 75/220/55
usemtl m_cc4cbd32-c453-a4c6-e794-5e5fa231e7f1
f 79/221/56 77/222/56 78/223/56
f 79/221/56 78/223/56 80/224/56
f 73/225/57 74/226/57 78/227/57
f 73/225/57 78/227/57 77/228/57
usemtl m_95e20f84-55bb-7186-f91a-586499bd637e
f 76/229/58 75/230/58 79/231/58
f 76/229/58 79/231/58 80/232/58
f 75/233/59 73/234/59 77/235/59
f 75/233/59 77/235/59 79/236/59
usemtl m_cc4cbd32-c453-a4c6-e794-5e5fa231e7f1
f 80/237/60 78/238/60 74/239/60
f 80/237/60 74/239/60 76/240/60
usemtl m_95e20f84-55bb-7186-f91a-586499bd637e
f 84/241/61 82/242/61 81/243/61
f 84/241/61 81/243/61 83/244/61
f 87/245/62 85/246/62 86/247/62
f 87/245/62 86/247/62 88/248/62
f 81/249/63 82/250/63 86/251/63
f 81/249/63 86/251/63 85/252/63
f 84/253/64 83/254/64 87/255/64
f 84/253/64 87/255/64 88/256/64
f 83/257/65 81/258/65 85/259/65
f 83/257/65 85/259/65 87/260/65
f 88/261/66 86/262/66 82/263/66
f 88/261/66 82/263/66 84/264/66
f 92/265/67 90/266/67 89/267/67
f 92/265/67 89/267/67 91/268/67
usemtl m_cc4cbd32-c453-a4c6-e794-5e5fa231e7f1
f 95/269/68 93/270/68 94/271/68
f 95/269/68 94/271/68 96/272/68
usemtl m_95e20f84-55bb-7186-f91a-586499bd637e
f 89/273/69 90/274/69 94/275/69
f 89/273/69 94/275/69 93/276/69
f 92/277/70 91/278/70 95/279/70
f 92/277/70 95/279/70 96/280/70
f 91/281/71 89/282/71 93/283/71
f 91/281/71 93/283/71 95/284/71
f 96/285/72 94/286/72 90/287/72
f 96/285/72 90/287/72 92/288/72
usemtl m_cc4cbd32-c453-a4c6-e794-5e5fa231e7f1
f 100/289/73 98/290/73 97/291/73
f 100/289/73 97/291/73 99/292/73
f 103/293/74 101/294/74 102/295/74
f 103/293/74 102/295/74 104/296/74
f 97/297/75 98/298/75 102/299/75
f 97/297/75 102/299/75 101/300/75
f 100/301/76 99/302/76 103/303/76
f 100/301/76 103/303/76 104/304/76
usemtl m_95e20f84-55bb-7186-f91a-586499bd637e
f 99/305/77 97/306/77 101/307/77
f 99/305/77 101/307/77 103/308/77
usemtl m_cc4cbd32-c453-a4c6-e794-5e5fa231e7f1
f 104/309/78 102/310/78 98/311/78
f 104/309/78 98/311/78 100/312/78
f 108/313/79 106/314/79 105/315/79
f 108/313/79 105/315/79 107/316/79
f 111/317/80 109/318/80 110/319/80
f 111/317/80 110/319/80 112/320/80
usemtl m_95e20f84-55bb-7186-f91a-586499bd637e
f 105/321/81 106/322/81 110/323/81
f 105/321/81 110/323/81 109/324/81
f 108/325/82 107/326/82 111/327/82
f 108/325/82 111/327/82 112/328/82
f 107/329/83 105/330/83 109/331/83
f 107/329/83 109/331/83 111/332/83
usemtl m_cc4cbd32-c453-a4c6-e794-5e5fa231e7f1
f 112/333/84 110/334/84 106/335/84
f 112/333/84 106/335/84 108/336/84
o g_ld
v 0 2 -0.25
v 0 2 -0.3125
v 0 1.9375 -0.25
v 0 1.9375 -0.3125
v -0.4375 2 -0.25
v -0.4375 2 -0.3125
v -0.4375 1.9375 -0.25
v -0.4375 1.9375 -0.3125
v 0 0.25 -0.25
v 0 0.25 -0.2515625
v 0 0.0625 -0.25
v 0 0.0625 -0.2515625
v -0.375 0.25 -0.25
v -0.375 0.25 -0.2515625
v -0.375 0.0625 -0.25
v -0.375 0.0625 -0.2515625
v 0 0.3125 -0.25
v 0 0.3125 -0.3125
v 0 0.25 -0.25
v 0 0.25 -0.3125
v -0.4375 0.3125 -0.25
v -0.4375 0.3125 -0.3125
v -0.4375 0.25 -0.25
v -0.4375 0.25 -0.3125
v 0 0.0625 -0.25
v 0 0.0625 -0.3125
v 0 0 -0.25
v 0 0 -0.3125
v -0.4375 0.0625 -0.25
v -0.4375 0.0625 -0.3125
v -0.4375 0 -0.25
v -0.4375 0 -0.3125
v -0.375 1.9375 -0.25
v -0.375 1.9375 -0.3125
v -0.375 0.3125 -0.25
v -0.375 0.3125 -0.3125
v -0.4375 1.9375 -0.25
v -0.4375 1.9375 -0.3125
v -0.4375 0.3125 -0.25
v -0.4375 0.3125 -0.3125
v -0.375 0.25 -0.25
v -0.375 0.25 -0.3125
v -0.375 0.0625 -0.25
v -0.375 0.0625 -0.3125
v -0.4375 0.25 -0.25
v -0.4375 0.25 -0.3125
v -0.4375 0.0625 -0.25
v -0.4375 0.0625 -0.3125
v -0.4375 2 -0.25
v -0.4375 2 -0.375
v -0.4375 0 -0.25
v -0.4375 0 -0.375
v -0.5 2 -0.25
v -0.5 2 -0.375
v -0.5 0 -0.25
v -0.5 0 -0.375
vt 0.125 0.9375
vt 0.125 1
vt 0.0625 1
vt 0.0625 0.9375
vt 0.125 0.9375
vt 0.125 1
vt 0.0625 1
vt 0.0625 0.9375
vt 0.875 0.9375
vt 0.875 1
vt 0.4375 1
vt 0.4375 0.9375
vt 0.875 0.9375
vt 0.875 1
vt 0.4375 1
vt 0.4375 0.9375
vt 0.875 0.9375
vt 0.875 1
vt 0.4375 1
vt 0.4375 0.9375
vt 0.875 0.9375
vt 0.875 1
vt 0.4375 1
vt 0.4375 0.9375
vt 0.0031250000000000444 0.8125
vt 0.0031250000000000444 1
vt 0.0015625000000000222 1
vt 0.0015625000000000222 0.8125
vt 0.0031250000000000444 0.8125
vt 0.0031250000000000444 1
vt 0.0015625000000000222 1
vt 0.0015625000000000222 0.8125
vt 0.75 0.9984375
vt 0.75 1
vt 0.375 1
vt 0.375 0.9984375
vt 0.75 0.9984375
vt 0.75 1
vt 0.375 1
vt 0.375 0.9984375
vt 0.75 0.8125
vt 0.75 1
vt 0.375 1
vt 0.375 0.8125
vt 0.75 0.8125
vt 0.75 1
vt 0.375 1
vt 0.375 0.8125
vt 0.125 0.9375
vt 0.125 1
vt 0.0625 1
vt 0.0625 0.9375
vt 0.125 0.9375
vt 0.125 1
vt 0.0625 1
vt 0.0625 0.9375
vt 0.875 0.9375
vt 0.875 1
vt 0.4375 1
vt 0.4375 0.9375
vt 0.875 0.9375
vt 0.875 1
vt 0.4375 1
vt 0.4375 0.9375
vt 0.875 0.9375
vt 0.875 1
vt 0.4375 1
vt 0.4375 0.9375
vt 0.875 0.9375
vt 0.875 1
vt 0.4375 1
vt 0.4375 0.9375
vt 0.125 0.9375
vt 0.125 1
vt 0.0625 1
vt 0.0625 0.9375
vt 0.125 0.9375
vt 0.125 1
vt 0.0625 1
vt 0.0625 0.9375
vt 0.875 0.9375
vt 0.875 1
vt 0.4375 1
vt 0.4375 0.9375
vt 0.875 0.9375
vt 0.875 1
vt 0.4375 1
vt 0.4375 0.9375
vt 0.875 0.9375
vt 0.875 1
vt 0.4375 1
vt 0.4375 0.9375
vt 0.875 0.9375
vt 0.875 1
vt 0.4375 1
vt 0.4375 0.9375
vt 0.125 0
vt 0.125 1
vt 0.0625 1
vt 0.0625 0
vt 0.125 0
vt 0.125 1
vt 0.0625 1
vt 0.0625 0
vt 0.125 0.9375
vt 0.125 1
vt 0.0625 1
vt 0.0625 0.9375
vt 0.125 0.9375
vt 0.125 1
vt 0.0625 1
vt 0.0625 0.9375
vt 0.125 0
vt 0.125 1
vt 0.0625 1
vt 0.0625 0
vt 0.125 0
vt 0.125 1
vt 0.0625 1
vt 0.0625 0
vt 0.125 0.8125
vt 0.125 1
vt 0.0625 1
vt 0.0625 0.8125
vt 0.125 0.8125
vt 0.125 1
vt 0.0625 1
vt 0.0625 0.8125
vt 0.125 0.9375
vt 0.125 1
vt 0.0625 1
vt 0.0625 0.9375
vt 0.125 0.9375
vt 0.125 1
vt 0.0625 1
vt 0.0625 0.9375
vt 0.125 0.8125
vt 0.125 1
vt 0.0625 1
vt 0.0625 0.8125
vt 0.125 0.8125
vt 0.125 1
vt 0.0625 1
vt 0.0625 0.8125
vt 0.25 0
vt 0.25 1
vt 0.125 1
vt 0.125 0
vt 0.25 0
vt 0.25 1
vt 0.125 1
vt 0.125 0
vt 0.125 0.875
vt 0.125 1
vt 0.0625 1
vt 0.0625 0.875
vt 0.125 0.875
vt 0.125 1
vt 0.0625 1
vt 0.0625 0.875
vt 0.125 0
vt 0.125 1
vt 0.0625 1
vt 0.0625 0
vt 0.125 0
vt 0.125 1
vt 0.0625 1
vt 0.0625 0
vn 1 0 0
vn -1 0 0
vn 0 1 0
vn 0 -1 0
vn 0 0 1
vn 0 0 -1
vn 1 0 0
vn -1 0 0
vn 0 1 0
vn 0 -1 0
vn 0 0 1
vn 0 0 -1
vn 1 0 0
vn -1 0 0
vn 0 1 0
vn 0 -1 0
vn 0 0 1
vn 0 0 -1
vn 1 0 0
vn -1 0 0
vn 0 1 0
vn 0 -1 0
vn 0 0 1
vn 0 0 -1
vn 1 0 0
vn -1 0 0
vn 0 1 0
vn 0 -1 0
vn 0 0 1
vn 0 0 -1
vn 1 0 0
vn -1 0 0
vn 0 1 0
vn 0 -1 0
vn 0 0 1
vn 0 0 -1
vn 1 0 0
vn -1 0 0
vn 0 1 0
vn 0 -1 0
vn 0 0 1
vn 0 0 -1
usemtl m_cc4cbd32-c453-a4c6-e794-5e5fa231e7f1
f 116/337/85 114/338/85 113/339/85
f 116/337/85 113/339/85 115/340/85
f 119/341/86 117/342/86 118/343/86
f 119/341/86 118/343/86 120/344/86
f 113/345/87 114/346/87 118/347/87
f 113/345/87 118/347/87 117/348/87
f 116/349/88 115/350/88 119/351/88
f 116/349/88 119/351/88 120/352/88
usemtl m_95e20f84-55bb-7186-f91a-586499bd637e
f 115/353/89 113/354/89 117/355/89
f 115/353/89 117/355/89 119/356/89
usemtl m_cc4cbd32-c453-a4c6-e794-5e5fa231e7f1
f 120/357/90 118/358/90 114/359/90
f 120/357/90 114/359/90 116/360/90
f 124/361/91 122/362/91 121/363/91
f 124/361/91 121/363/91 123/364/91
f 127/365/92 125/366/92 126/367/92
f 127/365/92 126/367/92 128/368/92
f 121/369/93 122/370/93 126/371/93
f 121/369/93 126/371/93 125/372/93
f 124/373/94 123/374/94 127/375/94
f 124/373/94 127/375/94 128/376/94
usemtl m_f59e3bac-8fcc-890c-63e5-9d78c1a9e541
f 123/377/95 121/378/95 125/379/95
f 123/377/95 125/379/95 127/380/95
usemtl m_cc4cbd32-c453-a4c6-e794-5e5fa231e7f1
f 128/381/96 126/382/96 122/383/96
f 128/381/96 122/383/96 124/384/96
f 132/385/97 130/386/97 129/387/97
f 132/385/97 129/387/97 131/388/97
f 135/389/98 133/390/98 134/391/98
f 135/389/98 134/391/98 136/392/98
f 129/393/99 130/394/99 134/395/99
f 129/393/99 134/395/99 133/396/99
f 132/397/100 131/398/100 135/399/100
f 132/397/100 135/399/100 136/400/100
usemtl m_95e20f84-55bb-7186-f91a-586499bd637e
f 131/401/101 129/402/101 133/403/101
f 131/401/101 133/403/101 135/404/101
usemtl m_cc4cbd32-c453-a4c6-e794-5e5fa231e7f1
f 136/405/102 134/406/102 130/407/102
f 136/405/102 130/407/102 132/408/102
f 140/409/103 138/410/103 137/411/103
f 140/409/103 137/411/103 139/412/103
f 143/413/104 141/414/104 142/415/104
f 143/413/104 142/415/104 144/416/104
f 137/417/105 138/418/105 142/419/105
f 137/417/105 142/419/105 141/420/105
f 140/421/106 139/422/106 143/423/106
f 140/421/106 143/423/106 144/424/106
usemtl m_f59e3bac-8fcc-890c-63e5-9d78c1a9e541
f 139/425/107 137/426/107 141/427/107
f 139/425/107 141/427/107 143/428/107
usemtl m_cc4cbd32-c453-a4c6-e794-5e5fa231e7f1
f 144/429/108 142/430/108 138/431/108
f 144/429/108 138/431/108 140/432/108
f 148/433/109 146/434/109 145/435/109
f 148/433/109 145/435/109 147/436/109
f 151/437/110 149/438/110 150/439/110
f 151/437/110 150/439/110 152/440/110
f 145/441/111 146/442/111 150/443/111
f 145/441/111 150/443/111 149/444/111
f 148/445/112 147/446/112 151/447/112
f 148/445/112 151/447/112 152/448/112
usemtl m_95e20f84-55bb-7186-f91a-586499bd637e
f 147/449/113 145/450/113 149/451/113
f 147/449/113 149/451/113 151/452/113
usemtl m_cc4cbd32-c453-a4c6-e794-5e5fa231e7f1
f 152/453/114 150/454/114 146/455/114
f 152/453/114 146/455/114 148/456/114
f 156/457/115 154/458/115 153/459/115
f 156/457/115 153/459/115 155/460/115
f 159/461/116 157/462/116 158/463/116
f 159/461/116 158/463/116 160/464/116
f 153/465/117 154/466/117 158/467/117
f 153/465/117 158/467/117 157/468/117
f 156/469/118 155/470/118 159/471/118
f 156/469/118 159/471/118 160/472/118
usemtl m_f59e3bac-8fcc-890c-63e5-9d78c1a9e541
f 155/473/119 153/474/119 157/475/119
f 155/473/119 157/475/119 159/476/119
usemtl m_cc4cbd32-c453-a4c6-e794-5e5fa231e7f1
f 160/477/120 158/478/120 154/479/120
f 160/477/120 154/479/120 156/480/120
f 164/481/121 162/482/121 161/483/121
f 164/481/121 161/483/121 163/484/121
f 167/485/122 165/486/122 166/487/122
f 167/485/122 166/487/122 168/488/122
f 161/489/123 162/490/123 166/491/123
f 161/489/123 166/491/123 165/492/123
f 164/493/124 163/494/124 167/495/124
f 164/493/124 167/495/124 168/496/124
f 163/497/125 161/498/125 165/499/125
f 163/497/125 165/499/125 167/500/125
f 168/501/126 166/502/126 162/503/126
f 168/501/126 162/503/126 164/504/126
o r_c
v 0.5 2 -0.375
v 0.5 2 -0.4375
v 0.5 1.9375 -0.375
v 0.5 1.9375 -0.4375
v -0.46875 2 -0.375
v -0.46875 2 -0.4375
v -0.46875 1.9375 -0.375
v -0.46875 1.9375 -0.4375
v 0.5 0.1875 -0.375
v 0.5 0.1875 -0.4375
v 0.5 0 -0.375
v 0.5 0 -0.4375
v -0.46875 0.1875 -0.375
v -0.46875 0.1875 -0.4375
v -0.46875 0 -0.375
v -0.46875 0 -0.4375
v 0.5 0.25 -0.375
v 0.5 0.25 -0.4375
v 0.5 0.1875 -0.375
v 0.5 0.1875 -0.4375
v -0.46875 0.25 -0.375
v -0.46875 0.25 -0.4375
v -0.46875 0.1875 -0.375
v -0.46875 0.1875 -0.4375
v -0.46875 0.25 -0.375
v -0.46875 0.25 -0.4375
v -0.46875 0 -0.375
v -0.46875 0 -0.4375
v -0.5 0.25 -0.375
v -0.5 0.25 -0.4375
v -0.5 0 -0.375
v -0.5 0 -0.4375
v -0.46875 2 -0.375
v -0.46875 2 -0.4375
v -0.46875 0.25 -0.375
v -0.46875 0.25 -0.4375
v -0.5 2 -0.375
v -0.5 2 -0.4375
v -0.5 0.25 -0.375
v -0.5 0.25 -0.4375
v -0.40625 1.9375 -0.375
v -0.40625 1.9375 -0.4375
v -0.40625 0.25 -0.375
v -0.40625 0.25 -0.4375
v -0.46875 1.9375 -0.375
v -0.46875 1.9375 -0.4375
v -0.46875 0.25 -0.375
v -0.46875 0.25 -0.4375
v 0.5 1.9375 -0.375
v 0.5 1.9375 -0.4375
v 0.5 0.25 -0.375
v 0.5 0.25 -0.4375
v 0.4375 1.9375 -0.375
v 0.4375 1.9375 -0.4375
v 0.4375 0.25 -0.375
v 0.4375 0.25 -0.4375
vt 0 0.9375
vt 0 1
vt 0.0625 1
vt 0.0625 0.9375
vt 0 0.9375
vt 0 1
vt 0.0625 1
vt 0.0625 0.9375
vt 0 0.9375
vt 0 1
vt 0.96875 1
vt 0.96875 0.9375
vt 0 0.9375
vt 0 1
vt 0.96875 1
vt 0.96875 0.9375
vt 0 0.9375
vt 0 1
vt 0.96875 1
vt 0.96875 0.9375
vt 0 0.9375
vt 0 1
vt 0.96875 1
vt 0.96875 0.9375
vt 0 0.8125
vt 0 1
vt 0.0625 1
vt 0.0625 0.8125
vt 0 0.8125
vt 0 1
vt 0.0625 1
vt 0.0625 0.8125
vt 0 0.9375
vt 0 1
vt 0.96875 1
vt 0.96875 0.9375
vt 0 0.9375
vt 0 1
vt 0.96875 1
vt 0.96875 0.9375
vt 0 0.8125
vt 0 1
vt 0.96875 1
vt 0.96875 0.8125
vt 0 0.8125
vt 0 1
vt 0.96875 1
vt 0.96875 0.8125
vt 0 0.9375
vt 0 1
vt 0.0625 1
vt 0.0625 0.9375
vt 0 0.9375
vt 0 1
vt 0.0625 1
vt 0.0625 0.9375
vt 0 0.9375
vt 0 1
vt 0.96875 1
vt 0.96875 0.9375
vt 0 0.9375
vt 0 1
vt 0.96875 1
vt 0.96875 0.9375
vt 0 0.9375
vt 0 1
vt 0.96875 1
vt 0.96875 0.9375
vt 0 0.9375
vt 0 1
vt 0.96875 1
vt 0.96875 0.9375
vt 0 0.75
vt 0 1
vt 0.0625 1
vt 0.0625 0.75
vt 0 0.75
vt 0 1
vt 0.0625 1
vt 0.0625 0.75
vt 0 0.9375
vt 0 1
vt 0.03125 1
vt 0.03125 0.9375
vt 0 0.9375
vt 0 1
vt 0.03125 1
vt 0.03125 0.9375
vt 0 0.75
vt 0 1
vt 0.03125 1
vt 0.03125 0.75
vt 0 0.75
vt 0 1
vt 0.03125 1
vt 0.03125 0.75
vt 0 0
vt 0 1
vt 0.0625 1
vt 0.0625 0
vt 0 0
vt 0 1
vt 0.0625 1
vt 0.0625 0
vt 0 0.9375
vt 0 1
vt 0.03125 1
vt 0.03125 0.9375
vt 0 0.9375
vt 0 1
vt 0.03125 1
vt 0.03125 0.9375
vt 0 0
vt 0 1
vt 0.03125 1
vt 0.03125 0
vt 0 0
vt 0 1
vt 0.03125 1
vt 0.03125 0
vt 0 0
vt 0 1
vt 0.0625 1
vt 0.0625 0
vt 0 0
vt 0 1
vt 0.0625 1
vt 0.0625 0
vt 0 0.9375
vt 0 1
vt 0.0625 1
vt 0.0625 0.9375
vt 0 0.9375
vt 0 1
vt 0.0625 1
vt 0.0625 0.9375
vt 0 0
vt 0 1
vt 0.0625 1
vt 0.0625 0
vt 0 0
vt 0 1
vt 0.0625 1
vt 0.0625 0
vt 0 0
vt 0 1
vt 0.0625 1
vt 0.0625 0
vt 0 0
vt 0 1
vt 0.0625 1
vt 0.0625 0
vt 0 0.9375
vt 0 1
vt 0.0625 1
vt 0.0625 0.9375
vt 0 0.9375
vt 0 1
vt 0.0625 1
vt 0.0625 0.9375
vt 0 0
vt 0 1
vt 0.0625 1
vt 0.0625 0
vt 0 0
vt 0 1
vt 0.0625 1
vt 0.0625 0
vn 1 0 0
vn -1 0 0
vn 0 1 0
vn 0 -1 0
vn 0 0 1
vn 0 0 -1
vn 1 0 0
vn -1 0 0
vn 0 1 0
vn 0 -1 0
vn 0 0 1
vn 0 0 -1
vn 1 0 0
vn -1 0 0
vn 0 1 0
vn 0 -1 0
vn 0 0 1
vn 0 0 -1
vn 1 0 0
vn -1 0 0
vn 0 1 0
vn 0 -1 0
vn 0 0 1
vn 0 0 -1
vn 1 0 0
vn -1 0 0
vn 0 1 0
vn 0 -1 0
vn 0 0 1
vn 0 0 -1
vn 1 0 0
vn -1 0 0
vn 0 1 0
vn 0 -1 0
vn 0 0 1
vn 0 0 -1
vn 1 0 0
vn -1 0 0
vn 0 1 0
vn 0 -1 0
vn 0 0 1
vn 0 0 -1
usemtl m_cc4cbd32-c453-a4c6-e794-5e5fa231e7f1
f 172/505/127 170/506/127 169/507/127
f 172/505/127 169/507/127 171/508/127
usemtl m_95e20f84-55bb-7186-f91a-586499bd637e
f 175/509/128 173/510/128 174/511/128
f 175/509/128 174/511/128 176/512/128
f 169/513/129 170/514/129 174/515/129
f 169/513/129 174/515/129 173/516/129
usemtl m_cc4cbd32-c453-a4c6-e794-5e5fa231e7f1
f 172/517/130 171/518/130 175/519/130
f 172/517/130 175/519/130 176/520/130
usemtl m_95e20f84-55bb-7186-f91a-586499bd637e
f 171/521/131 169/522/131 173/523/131
f 171/521/131 173/523/131 175/524/131
usemtl m_cc4cbd32-c453-a4c6-e794-5e5fa231e7f1
f 176/525/132 174/526/132 170/527/132
f 176/525/132 170/527/132 172/528/132
f 180/529/133 178/530/133 177/531/133
f 180/529/133 177/531/133 179/532/133
f 183/533/134 181/534/134 182/535/134
f 183/533/134 182/535/134 184/536/134
f 177/537/135 178/538/135 182/539/135
f 177/537/135 182/539/135 181/540/135
f 180/541/136 179/542/136 183/543/136
f 180/541/136 183/543/136 184/544/136
usemtl m_f59e3bac-8fcc-890c-63e5-9d78c1a9e541
f 179/545/137 177/546/137 181/547/137
f 179/545/137 181/547/137 183/548/137
usemtl m_cc4cbd32-c453-a4c6-e794-5e5fa231e7f1
f 184/549/138 182/550/138 178/551/138
f 184/549/138 178/551/138 180/552/138
f 188/553/139 186/554/139 185/555/139
f 188/553/139 185/555/139 187/556/139
usemtl m_95e20f84-55bb-7186-f91a-586499bd637e
f 191/557/140 189/558/140 190/559/140
f 191/557/140 190/559/140 192/560/140
usemtl m_cc4cbd32-c453-a4c6-e794-5e5fa231e7f1
f 185/561/141 186/562/141 190/563/141
f 185/561/141 190/563/141 189/564/141
usemtl m_95e20f84-55bb-7186-f91a-586499bd637e
f 188/565/142 187/566/142 191/567/142
f 188/565/142 191/567/142 192/568/142
f 187/569/143 185/570/143 189/571/143
f 187/569/143 189/571/143 191/572/143
usemtl m_cc4cbd32-c453-a4c6-e794-5e5fa231e7f1
f 192/573/144 190/574/144 186/575/144
f 192/573/144 186/575/144 188/576/144
usemtl m_95e20f84-55bb-7186-f91a-586499bd637e
f 196/577/145 194/578/145 193/579/145
f 196/577/145 193/579/145 195/580/145
f 199/581/146 197/582/146 198/583/146
f 199/581/146 198/583/146 200/584/146
f 193/585/147 194/586/147 198/587/147
f 193/585/147 198/587/147 197/588/147
f 196/589/148 195/590/148 199/591/148
f 196/589/148 199/591/148 200/592/148
f 195/593/149 193/594/149 197/595/149
f 195/593/149 197/595/149 199/596/149
f 200/597/150 198/598/150 194/599/150
f 200/597/150 194/599/150 196/600/150
usemtl m_cc4cbd32-c453-a4c6-e794-5e5fa231e7f1
f 204/601/151 202/602/151 201/603/151
f 204/601/151 201/603/151 203/604/151
usemtl m_95e20f84-55bb-7186-f91a-586499bd637e
f 207/605/152 205/606/152 206/607/152
f 207/605/152 206/607/152 208/608/152
f 201/609/153 202/610/153 206/611/153
f 201/609/153 206/611/153 205/612/153
f 204/613/154 203/614/154 207/615/154
f 204/613/154 207/615/154 208/616/154
f 203/617/155 201/618/155 205/619/155
f 203/617/155 205/619/155 207/620/155
f 208/621/156 206/622/156 202/623/156
f 208/621/156 202/623/156 204/624/156
usemtl m_cc4cbd32-c453-a4c6-e794-5e5fa231e7f1
f 212/625/157 210/626/157 209/627/157
f 212/625/157 209/627/157 211/628/157
f 215/629/158 213/630/158 214/631/158
f 215/629/158 214/631/158 216/632/158
f 209/633/159 210/634/159 214/635/159
f 209/633/159 214/635/159 213/636/159
f 212/637/160 211/638/160 215/639/160
f 212/637/160 215/639/160 216/640/160
usemtl m_95e20f84-55bb-7186-f91a-586499bd637e
f 211/641/161 209/642/161 213/643/161
f 211/641/161 213/643/161 215/644/161
usemtl m_cc4cbd32-c453-a4c6-e794-5e5fa231e7f1
f 216/645/162 214/646/162 210/647/162
f 216/645/162 210/647/162 212/648/162
f 220/649/163 218/650/163 217/651/163
f 220/649/163 217/651/163 219/652/163
f 223/653/164 221/654/164 222/655/164
f 223/653/164 222/655/164 224/656/164
usemtl m_95e20f84-55bb-7186-f91a-586499bd637e
f 217/657/165 218/658/165 222/659/165
f 217/657/165 222/659/165 221/660/165
f 220/661/166 219/662/166 223/663/166
f 220/661/166 223/663/166 224/664/166
f 219/665/167 217/666/167 221/667/167
f 219/665/167 221/667/167 223/668/167
usemtl m_cc4cbd32-c453-a4c6-e794-5e5fa231e7f1
f 224/669/168 222/670/168 218/671/168
f 224/669/168 218/671/168 220/672/168
o g_lg
v 0 2 -0.25
v 0 2 -0.3125
v 0 1.9375 -0.25
v 0 1.9375 -0.3125
v -0.5 2 -0.25
v -0.5 2 -0.3125
v -0.5 1.9375 -0.25
v -0.5 1.9375 -0.3125
v 0 0.25 -0.25
v 0 0.25 -0.2515625
v 0 0.0625 -0.25
v 0 0.0625 -0.2515625
v -0.5 0.25 -0.25
v -0.5 0.25 -0.2515625
v -0.5 0.0625 -0.25
v -0.5 0.0625 -0.2515625
v 0 0.3125 -0.25
v 0 0.3125 -0.3125
v 0 0.25 -0.25
v 0 0.25 -0.3125
v -0.5 0.3125 -0.25
v -0.5 0.3125 -0.3125
v -0.5 0.25 -0.25
v -0.5 0.25 -0.3125
v 0 0.0625 -0.25
v 0 0.0625 -0.3125
v 0 0 -0.25
v 0 0 -0.3125
v -0.5 0.0625 -0.25
v -0.5 0.0625 -0.3125
v -0.5 0 -0.25
v -0.5 0 -0.3125
vt 0.125 0.9375
vt 0.125 1
vt 0.0625 1
vt 0.0625 0.9375
vt 0.125 0.9375
vt 0.125 1
vt 0.0625 1
vt 0.0625 0.9375
vt 0.9375 0.9375
vt 0.9375 1
vt 0.4375 1
vt 0.4375 0.9375
vt 0.9375 0.9375
vt 0.9375 1
vt 0.4375 1
vt 0.4375 0.9375
vt 0.9375 0.9375
vt 0.9375 1
vt 0.4375 1
vt 0.4375 0.9375
vt 0.9375 0.9375
vt 0.9375 1
vt 0.4375 1
vt 0.4375 0.9375
vt 0.0031250000000000444 0.8125
vt 0.0031250000000000444 1
vt 0.0015625000000000222 1
vt 0.0015625000000000222 0.8125
vt 0.0031250000000000444 0.8125
vt 0.0031250000000000444 1
vt 0.0015625000000000222 1
vt 0.0015625000000000222 0.8125
vt 0.875 0.9984375
vt 0.875 1
vt 0.375 1
vt 0.375 0.9984375
vt 0.875 0.9984375
vt 0.875 1
vt 0.375 1
vt 0.375 0.9984375
vt 0.875 0.8125
vt 0.875 1
vt 0.375 1
vt 0.375 0.8125
vt 0.875 0.8125
vt 0.875 1
vt 0.375 1
vt 0.375 0.8125
vt 0.125 0.9375
vt 0.125 1
vt 0.0625 1
vt 0.0625 0.9375
vt 0.125 0.9375
vt 0.125 1
vt 0.0625 1
vt 0.0625 0.9375
vt 0.9375 0.9375
vt 0.9375 1
vt 0.4375 1
vt 0.4375 0.9375
vt 0.9375 0.9375
vt 0.9375 1
vt 0.4375 1
vt 0.4375 0.9375
vt 0.9375 0.9375
vt 0.9375 1
vt 0.4375 1
vt 0.4375 0.9375
vt 0.9375 0.9375
vt 0.9375 1
vt 0.4375 1
vt 0.4375 0.9375
vt 0.125 0.9375
vt 0.125 1
vt 0.0625 1
vt 0.0625 0.9375
vt 0.125 0.9375
vt 0.125 1
vt 0.0625 1
vt 0.0625 0.9375
vt 0.9375 0.9375
vt 0.9375 1
vt 0.4375 1
vt 0.4375 0.9375
vt 0.9375 0.9375
vt 0.9375 1
vt 0.4375 1
vt 0.4375 0.9375
vt 0.9375 0.9375
vt 0.9375 1
vt 0.4375 1
vt 0.4375 0.9375
vt 0.9375 0.9375
vt 0.9375 1
vt 0.4375 1
vt 0.4375 0.9375
vn 1 0 0
vn -1 0 0
vn 0 1 0
vn 0 -1 0
vn 0 0 1
vn 0 0 -1
vn 1 0 0
vn -1 0 0
vn 0 1 0
vn 0 -1 0
vn 0 0 1
vn 0 0 -1
vn 1 0 0
vn -1 0 0
vn 0 1 0
vn 0 -1 0
vn 0 0 1
vn 0 0 -1
vn 1 0 0
vn -1 0 0
vn 0 1 0
vn 0 -1 0
vn 0 0 1
vn 0 0 -1
usemtl m_cc4cbd32-c453-a4c6-e794-5e5fa231e7f1
f 228/673/169 226/674/169 225/675/169
f 228/673/169 225/675/169 227/676/169
f 231/677/170 229/678/170 230/679/170
f 231/677/170 230/679/170 232/680/170
f 225/681/171 226/682/171 230/683/171
f 225/681/171 230/683/171 229/684/171
f 228/685/172 227/686/172 231/687/172
f 228/685/172 231/687/172 232/688/172
usemtl m_95e20f84-55bb-7186-f91a-586499bd637e
f 227/689/173 225/690/173 229/691/173
f 227/689/173 229/691/173 231/692/173
usemtl m_cc4cbd32-c453-a4c6-e794-5e5fa231e7f1
f 232/693/174 230/694/174 226/695/174
f 232/693/174 226/695/174 228/696/174
f 236/697/175 234/698/175 233/699/175
f 236/697/175 233/699/175 235/700/175
f 239/701/176 237/702/176 238/703/176
f 239/701/176 238/703/176 240/704/176
f 233/705/177 234/706/177 238/707/177
f 233/705/177 238/707/177 237/708/177
f 236/709/178 235/710/178 239/711/178
f 236/709/178 239/711/178 240/712/178
usemtl m_f59e3bac-8fcc-890c-63e5-9d78c1a9e541
f 235/713/179 233/714/179 237/715/179
f 235/713/179 237/715/179 239/716/179
usemtl m_cc4cbd32-c453-a4c6-e794-5e5fa231e7f1
f 240/717/180 238/718/180 234/719/180
f 240/717/180 234/719/180 236/720/180
f 244/721/181 242/722/181 241/723/181
f 244/721/181 241/723/181 243/724/181
f 247/725/182 245/726/182 246/727/182
f 247/725/182 246/727/182 248/728/182
f 241/729/183 242/730/183 246/731/183
f 241/729/183 246/731/183 245/732/183
f 244/733/184 243/734/184 247/735/184
f 244/733/184 247/735/184 248/736/184
usemtl m_95e20f84-55bb-7186-f91a-586499bd637e
f 243/737/185 241/738/185 245/739/185
f 243/737/185 245/739/185 247/740/185
usemtl m_cc4cbd32-c453-a4c6-e794-5e5fa231e7f1
f 248/741/186 246/742/186 242/743/186
f 248/741/186 242/743/186 244/744/186
f 252/745/187 250/746/187 249/747/187
f 252/745/187 249/747/187 251/748/187
f 255/749/188 253/750/188 254/751/188
f 255/749/188 254/751/188 256/752/188
f 249/753/189 250/754/189 254/755/189
f 249/753/189 254/755/189 253/756/189
f 252/757/190 251/758/190 255/759/190
f 252/757/190 255/759/190 256/760/190
usemtl m_f59e3bac-8fcc-890c-63e5-9d78c1a9e541
f 251/761/191 249/762/191 253/763/191
f 251/761/191 253/763/191 255/764/191
usemtl m_cc4cbd32-c453-a4c6-e794-5e5fa231e7f1
f 256/765/192 254/766/192 250/767/192
f 256/765/192 250/767/192 252/768/192
o g_rg
v 0.5 2 -0.25
v 0.5 2 -0.3125
v 0.5 1.9375 -0.25
v 0.5 1.9375 -0.3125
v 0 2 -0.25
v 0 2 -0.3125
v 0 1.9375 -0.25
v 0 1.9375 -0.3125
v 0.5 0.25 -0.25
v 0.5 0.25 -0.2515625
v 0.5 0.0625 -0.25
v 0.5 0.0625 -0.2515625
v 0 0.25 -0.25
v 0 0.25 -0.2515625
v 0 0.0625 -0.25
v 0 0.0625 -0.2515625
v 0.5 0.3125 -0.25
v 0.5 0.3125 -0.3125
v 0.5 0.25 -0.25
v 0.5 0.25 -0.3125
v 0 0.3125 -0.25
v 0 0.3125 -0.3125
v 0 0.25 -0.25
v 0 0.25 -0.3125
v 0.5 0.0625 -0.25
v 0.5 0.0625 -0.3125
v 0.5 0 -0.25
v 0.5 0 -0.3125
v 0 0.0625 -0.25
v 0 0.0625 -0.3125
v 0 0 -0.25
v 0 0 -0.3125
vt 0.125 0.9375
vt 0.125 1
vt 0.0625 1
vt 0.0625 0.9375
vt 0.125 0.9375
vt 0.125 1
vt 0.0625 1
vt 0.0625 0.9375
vt 0.9375 0.9375
vt 0.9375 1
vt 0.4375 1
vt 0.4375 0.9375
vt 0.9375 0.9375
vt 0.9375 1
vt 0.4375 1
vt 0.4375 0.9375
vt 0.9375 0.9375
vt 0.9375 1
vt 0.4375 1
vt 0.4375 0.9375
vt 0.9375 0.9375
vt 0.9375 1
vt 0.4375 1
vt 0.4375 0.9375
vt 0.0031250000000000444 0.8125
vt 0.0031250000000000444 1
vt 0.0015625000000000222 1
vt 0.0015625000000000222 0.8125
vt 0.0031250000000000444 0.8125
vt 0.0031250000000000444 1
vt 0.0015625000000000222 1
vt 0.0015625000000000222 0.8125
vt 0.875 0.9984375
vt 0.875 1
vt 0.375 1
vt 0.375 0.9984375
vt 0.875 0.9984375
vt 0.875 1
vt 0.375 1
vt 0.375 0.9984375
vt 0.875 0.8125
vt 0.875 1
vt 0.375 1
vt 0.375 0.8125
vt 0.875 0.8125
vt 0.875 1
vt 0.375 1
vt 0.375 0.8125
vt 0.125 0.9375
vt 0.125 1
vt 0.0625 1
vt 0.0625 0.9375
vt 0.125 0.9375
vt 0.125 1
vt 0.0625 1
vt 0.0625 0.9375
vt 0.9375 0.9375
vt 0.9375 1
vt 0.4375 1
vt 0.4375 0.9375
vt 0.9375 0.9375
vt 0.9375 1
vt 0.4375 1
vt 0.4375 0.9375
vt 0.9375 0.9375
vt 0.9375 1
vt 0.4375 1
vt 0.4375 0.9375
vt 0.9375 0.9375
vt 0.9375 1
vt 0.4375 1
vt 0.4375 0.9375
vt 0.125 0.9375
vt 0.125 1
vt 0.0625 1
vt 0.0625 0.9375
vt 0.125 0.9375
vt 0.125 1
vt 0.0625 1
vt 0.0625 0.9375
vt 0.9375 0.9375
vt 0.9375 1
vt 0.4375 1
vt 0.4375 0.9375
vt 0.9375 0.9375
vt 0.9375 1
vt 0.4375 1
vt 0.4375 0.9375
vt 0.9375 0.9375
vt 0.9375 1
vt 0.4375 1
vt 0.4375 0.9375
vt 0.9375 0.9375
vt 0.9375 1
vt 0.4375 1
vt 0.4375 0.9375
vn 1 0 0
vn -1 0 0
vn 0 1 0
vn 0 -1 0
vn 0 0 1
vn 0 0 -1
vn 1 0 0
vn -1 0 0
vn 0 1 0
vn 0 -1 0
vn 0 0 1
vn 0 0 -1
vn 1 0 0
vn -1 0 0
vn 0 1 0
vn 0 -1 0
vn 0 0 1
vn 0 0 -1
vn 1 0 0
vn -1 0 0
vn 0 1 0
vn 0 -1 0
vn 0 0 1
vn 0 0 -1
usemtl m_cc4cbd32-c453-a4c6-e794-5e5fa231e7f1
f 260/769/193 258/770/193 257/771/193
f 260/769/193 257/771/193 259/772/193
f 263/773/194 261/774/194 262/775/194
f 263/773/194 262/775/194 264/776/194
f 257/777/195 258/778/195 262/779/195
f 257/777/195 262/779/195 261/780/195
f 260/781/196 259/782/196 263/783/196
f 260/781/196 263/783/196 264/784/196
usemtl m_95e20f84-55bb-7186-f91a-586499bd637e
f 259/785/197 257/786/197 261/787/197
f 259/785/197 261/787/197 263/788/197
usemtl m_cc4cbd32-c453-a4c6-e794-5e5fa231e7f1
f 264/789/198 262/790/198 258/791/198
f 264/789/198 258/791/198 260/792/198
f 268/793/199 266/794/199 265/795/199
f 268/793/199 265/795/199 267/796/199
f 271/797/200 269/798/200 270/799/200
f 271/797/200 270/799/200 272/800/200
f 265/801/201 266/802/201 270/803/201
f 265/801/201 270/803/201 269/804/201
f 268/805/202 267/806/202 271/807/202
f 268/805/202 271/807/202 272/808/202
usemtl m_f59e3bac-8fcc-890c-63e5-9d78c1a9e541
f 267/809/203 265/810/203 269/811/203
f 267/809/203 269/811/203 271/812/203
usemtl m_cc4cbd32-c453-a4c6-e794-5e5fa231e7f1
f 272/813/204 270/814/204 266/815/204
f 272/813/204 266/815/204 268/816/204
f 276/817/205 274/818/205 273/819/205
f 276/817/205 273/819/205 275/820/205
f 279/821/206 277/822/206 278/823/206
f 279/821/206 278/823/206 280/824/206
f 273/825/207 274/826/207 278/827/207
f 273/825/207 278/827/207 277/828/207
f 276/829/208 275/830/208 279/831/208
f 276/829/208 279/831/208 280/832/208
usemtl m_95e20f84-55bb-7186-f91a-586499bd637e
f 275/833/209 273/834/209 277/835/209
f 275/833/209 277/835/209 279/836/209
usemtl m_cc4cbd32-c453-a4c6-e794-5e5fa231e7f1
f 280/837/210 278/838/210 274/839/210
f 280/837/210 274/839/210 276/840/210
f 284/841/211 282/842/211 281/843/211
f 284/841/211 281/843/211 283/844/211
f 287/845/212 285/846/212 286/847/212
f 287/845/212 286/847/212 288/848/212
f 281/849/213 282/850/213 286/851/213
f 281/849/213 286/851/213 285/852/213
f 284/853/214 283/854/214 287/855/214
f 284/853/214 287/855/214 288/856/214
usemtl m_f59e3bac-8fcc-890c-63e5-9d78c1a9e541
f 283/857/215 281/858/215 285/859/215
f 283/857/215 285/859/215 287/860/215
usemtl m_cc4cbd32-c453-a4c6-e794-5e5fa231e7f1
f 288/861/216 286/862/216 282/863/216
f 288/861/216 282/863/216 284/864/216
o l_ea
v 0.0625 1.9375 -0.375
v 0.0625 1.9375 -0.4375
v 0.0625 0.25 -0.375
v 0.0625 0.25 -0.4375
v 0 1.9375 -0.375
v 0 1.9375 -0.4375
v 0 0.25 -0.375
v 0 0.25 -0.4375
v 0.46875 2 -0.375
v 0.46875 2 -0.4375
v 0.46875 1.9375 -0.375
v 0.46875 1.9375 -0.4375
v 0 2 -0.375
v 0 2 -0.4375
v 0 1.9375 -0.375
v 0 1.9375 -0.4375
v 0.46875 0.1875 -0.375
v 0.46875 0.1875 -0.4375
v 0.46875 0 -0.375
v 0.46875 0 -0.4375
v 0 0.1875 -0.375
v 0 0.1875 -0.4375
v 0 0 -0.375
v 0 0 -0.4375
v 0.46875 0.25 -0.375
v 0.46875 0.25 -0.4375
v 0.46875 0.1875 -0.375
v 0.46875 0.1875 -0.4375
v 0 0.25 -0.375
v 0 0.25 -0.4375
v 0 0.1875 -0.375
v 0 0.1875 -0.4375
v 0.5 0.25 -0.375
v 0.5 0.25 -0.4375
v 0.5 0 -0.375
v 0.5 0 -0.4375
v 0.46875 0.25 -0.375
v 0.46875 0.25 -0.4375
v 0.46875 0 -0.375
v 0.46875 0 -0.4375
v 0.5 2 -0.375
v 0.5 2 -0.4375
v 0.5 0.25 -0.375
v 0.5 0.25 -0.4375
v 0.46875 2 -0.375
v 0.46875 2 -0.4375
v 0.46875 0.25 -0.375
v 0.46875 0.25 -0.4375
v 0.46875 1.9375 -0.375
v 0.46875 1.9375 -0.4375
v 0.46875 0.25 -0.375
v 0.46875 0.25 -0.4375
v 0.40625 1.9375 -0.375
v 0.40625 1.9375 -0.4375
v 0.40625 0.25 -0.375
v 0.40625 0.25 -0.4375
vt 0.0625 0
vt 0.0625 1
vt 0 1
vt 0 0
vt 0.0625 0
vt 0.0625 1
vt 0 1
vt 0 0
vt 0.0625 0.9375
vt 0.0625 1
vt 0 1
vt 0 0.9375
vt 0.0625 0.9375
vt 0.0625 1
vt 0 1
vt 0 0.9375
vt 0.0625 0
vt 0.0625 1
vt 0 1
vt 0 0
vt 0.0625 0
vt 0.0625 1
vt 0 1
vt 0 0
vt 0.0625 0.9375
vt 0.0625 1
vt 0 1
vt 0 0.9375
vt 0.0625 0.9375
vt 0.0625 1
vt 0 1
vt 0 0.9375
vt 0.46875 0.9375
vt 0.46875 1
vt 0 1
vt 0 0.9375
vt 0.46875 0.9375
vt 0.46875 1
vt 0 1
vt 0 0.9375
vt 0.46875 0.9375
vt 0.46875 1
vt 0 1
vt 0 0.9375
vt 0.46875 0.9375
vt 0.46875 1
vt 0 1
vt 0 0.9375
vt 0.0625 0.8125
vt 0.0625 1
vt 0 1
vt 0 0.8125
vt 0.0625 0.8125
vt 0.0625 1
vt 0 1
vt 0 0.8125
vt 0.46875 0.9375
vt 0.46875 1
vt 0 1
vt 0 0.9375
vt 0.46875 0.9375
vt 0.46875 1
vt 0 1
vt 0 0.9375
vt 0.46875 0.8125
vt 0.46875 1
vt 0 1
vt 0 0.8125
vt 0.46875 0.8125
vt 0.46875 1
vt 0 1
vt 0 0.8125
vt 0.0625 0.9375
vt 0.0625 1
vt 0 1
vt 0 0.9375
vt 0.0625 0.9375
vt 0.0625 1
vt 0 1
vt 0 0.9375
vt 0.46875 0.9375
vt 0.46875 1
vt 0 1
vt 0 0.9375
vt 0.46875 0.9375
vt 0.46875 1
vt 0 1
vt 0 0.9375
vt 0.46875 0.9375
vt 0.46875 1
vt 0 1
vt 0 0.9375
vt 0.46875 0.9375
vt 0.46875 1
vt 0 1
vt 0 0.9375
vt 0.0625 0.75
vt 0.0625 1
vt 0 1
vt 0 0.75
vt 0.0625 0.75
vt 0.0625 1
vt 0 1
vt 0 0.75
vt 0.03125 0.9375
vt 0.03125 1
vt 0 1
vt 0 0.9375
vt 0.03125 0.9375
vt 0.03125 1
vt 0 1
vt 0 0.9375
vt 0.03125 0.75
vt 0.03125 1
vt 0 1
vt 0 0.75
vt 0.03125 0.75
vt 0.03125 1
vt 0 1
vt 0 0.75
vt 0.0625 0
vt 0.0625 1
vt 0 1
vt 0 0
vt 0.0625 0
vt 0.0625 1
vt 0 1
vt 0 0
vt 0.03125 0.9375
vt 0.03125 1
vt 0 1
vt 0 0.9375
vt 0.03125 0.9375
vt 0.03125 1
vt 0 1
vt 0 0.9375
vt 0.03125 0
vt 0.03125 1
vt 0 1
vt 0 0
vt 0.03125 0
vt 0.03125 1
vt 0 1
vt 0 0
vt 0.0625 0
vt 0.0625 1
vt 0 1
vt 0 0
vt 0.0625 0
vt 0.0625 1
vt 0 1
vt 0 0
vt 0.0625 0.9375
vt 0.0625 1
vt 0 1
vt 0 0.9375
vt 0.0625 0.9375
vt 0.0625 1
vt 0 1
vt 0 0.9375
vt 0.0625 0
vt 0.0625 1
vt 0 1
vt 0 0
vt 0.0625 0
vt 0.0625 1
vt 0 1
vt 0 0
vn 1 0 0
vn -1 0 0
vn 0 1 0
vn 0 -1 0
vn 0 0 1
vn 0 0 -1
vn 1 0 0
vn -1 0 0
vn 0 1 0
vn 0 -1 0
vn 0 0 1
vn 0 0 -1
vn 1 0 0
vn -1 0 0
vn 0 1 0
vn 0 -1 0
vn 0 0 1
vn 0 0 -1
vn 1 0 0
vn -1 0 0
vn 0 1 0
vn 0 -1 0
vn 0 0 1
vn 0 0 -1
vn 1 0 0
vn -1 0 0
vn 0 1 0
vn 0 -1 0
vn 0 0 1
vn 0 0 -1
vn 1 0 0
vn -1 0 0
vn 0 1 0
vn 0 -1 0
vn 0 0 1
vn 0 0 -1
vn 1 0 0
vn -1 0 0
vn 0 1 0
vn 0 -1 0
vn 0 0 1
vn 0 0 -1
usemtl m_cc4cbd32-c453-a4c6-e794-5e5fa231e7f1
f 292/865/217 290/866/217 289/867/217
f 292/865/217 289/867/217 291/868/217
f 295/869/218 293/870/218 294/871/218
f 295/869/218 294/871/218 296/872/218
usemtl m_95e20f84-55bb-7186-f91a-586499bd637e
f 289/873/219 290/874/219 294/875/219
f 289/873/219 294/875/219 293/876/219
f 292/877/220 291/878/220 295/879/220
f 292/877/220 295/879/220 296/880/220
f 291/881/221 289/882/221 293/883/221
f 291/881/221 293/883/221 295/884/221
usemtl m_cc4cbd32-c453-a4c6-e794-5e5fa231e7f1
f 296/885/222 294/886/222 290/887/222
f 296/885/222 290/887/222 292/888/222
usemtl m_95e20f84-55bb-7186-f91a-586499bd637e
f 300/889/223 298/890/223 297/891/223
f 300/889/223 297/891/223 299/892/223
usemtl m_cc4cbd32-c453-a4c6-e794-5e5fa231e7f1
f 303/893/224 301/894/224 302/895/224
f 303/893/224 302/895/224 304/896/224
usemtl m_95e20f84-55bb-7186-f91a-586499bd637e
f 297/897/225 298/898/225 302/899/225
f 297/897/225 302/899/225 301/900/225
usemtl m_cc4cbd32-c453-a4c6-e794-5e5fa231e7f1
f 300/901/226 299/902/226 303/903/226
f 300/901/226 303/903/226 304/904/226
usemtl m_95e20f84-55bb-7186-f91a-586499bd637e
f 299/905/227 297/906/227 301/907/227
f 299/905/227 301/907/227 303/908/227
usemtl m_cc4cbd32-c453-a4c6-e794-5e5fa231e7f1
f 304/909/228 302/910/228 298/911/228
f 304/909/228 298/911/228 300/912/228
f 308/913/229 306/914/229 305/915/229
f 308/913/229 305/915/229 307/916/229
f 311/917/230 309/918/230 310/919/230
f 311/917/230 310/919/230 312/920/230
f 305/921/231 306/922/231 310/923/231
f 305/921/231 310/923/231 309/924/231
f 308/925/232 307/926/232 311/927/232
f 308/925/232 311/927/232 312/928/232
usemtl m_f59e3bac-8fcc-890c-63e5-9d78c1a9e541
f 307/929/233 305/930/233 309/931/233
f 307/929/233 309/931/233 311/932/233
usemtl m_cc4cbd32-c453-a4c6-e794-5e5fa231e7f1
f 312/933/234 310/934/234 306/935/234
f 312/933/234 306/935/234 308/936/234
usemtl m_95e20f84-55bb-7186-f91a-586499bd637e
f 316/937/235 314/938/235 313/939/235
f 316/937/235 313/939/235 315/940/235
usemtl m_cc4cbd32-c453-a4c6-e794-5e5fa231e7f1
f 319/941/236 317/942/236 318/943/236
f 319/941/236 318/943/236 320/944/236
f 313/945/237 314/946/237 318/947/237
f 313/945/237 318/947/237 317/948/237
usemtl m_95e20f84-55bb-7186-f91a-586499bd637e
f 316/949/238 315/950/238 319/951/238
f 316/949/238 319/951/238 320/952/238
f 315/953/239 313/954/239 317/955/239
f 315/953/239 317/955/239 319/956/239
usemtl m_cc4cbd32-c453-a4c6-e794-5e5fa231e7f1
f 320/957/240 318/958/240 314/959/240
f 320/957/240 314/959/240 316/960/240
usemtl m_95e20f84-55bb-7186-f91a-586499bd637e
f 324/961/241 322/962/241 321/963/241
f 324/961/241 321/963/241 323/964/241
f 327/965/242 325/966/242 326/967/242
f 327/965/242 326/967/242 328/968/242
f 321/969/243 322/970/243 326/971/243
f 321/969/243 326/971/243 325/972/243
f 324/973/244 323/974/244 327/975/244
f 324/973/244 327/975/244 328/976/244
f 323/977/245 321/978/245 325/979/245
f 323/977/245 325/979/245 327/980/245
f 328/981/246 326/982/246 322/983/246
f 328/981/246 322/983/246 324/984/246
f 332/985/247 330/986/247 329/987/247
f 332/985/247 329/987/247 331/988/247
usemtl m_cc4cbd32-c453-a4c6-e794-5e5fa231e7f1
f 335/989/248 333/990/248 334/991/248
f 335/989/248 334/991/248 336/992/248
usemtl m_95e20f84-55bb-7186-f91a-586499bd637e
f 329/993/249 330/994/249 334/995/249
f 329/993/249 334/995/249 333/996/249
f 332/997/250 331/998/250 335/999/250
f 332/997/250 335/999/250 336/1000/250
f 331/1001/251 329/1002/251 333/1003/251
f 331/1001/251 333/1003/251 335/1004/251
f 336/1005/252 334/1006/252 330/1007/252
f 336/1005/252 330/1007/252 332/1008/252
usemtl m_cc4cbd32-c453-a4c6-e794-5e5fa231e7f1
f 340/1009/253 338/1010/253 337/1011/253
f 340/1009/253 337/1011/253 339/1012/253
f 343/1013/254 341/1014/254 342/1015/254
f 343/1013/254 342/1015/254 344/1016/254
f 337/1017/255 338/1018/255 342/1019/255
f 337/1017/255 342/1019/255 341/1020/255
f 340/1021/256 339/1022/256 343/1023/256
f 340/1021/256 343/1023/256 344/1024/256
usemtl m_95e20f84-55bb-7186-f91a-586499bd637e
f 339/1025/257 337/1026/257 341/1027/257
f 339/1025/257 341/1027/257 343/1028/257
usemtl m_cc4cbd32-c453-a4c6-e794-5e5fa231e7f1
f 344/1029/258 342/1030/258 338/1031/258
f 344/1029/258 338/1031/258 340/1032/258
o l_eb
v -0.4375 1.9375 -0.3125
v -0.4375 1.9375 -0.375
v -0.4375 0.25 -0.3125
v -0.4375 0.25 -0.375
v -0.5 1.9375 -0.3125
v -0.5 1.9375 -0.375
v -0.5 0.25 -0.3125
v -0.5 0.25 -0.375
v 0 2 -0.3125
v 0 2 -0.375
v 0 1.9375 -0.3125
v 0 1.9375 -0.375
v -0.5 2 -0.3125
v -0.5 2 -0.375
v -0.5 1.9375 -0.3125
v -0.5 1.9375 -0.375
v 0 0.1875 -0.3125
v 0 0.1875 -0.375
v 0 0 -0.3125
v 0 0 -0.375
v -0.5 0.1875 -0.3125
v -0.5 0.1875 -0.375
v -0.5 0 -0.3125
v -0.5 0 -0.375
v 0 0.25 -0.3125
v 0 0.25 -0.375
v 0 0.1875 -0.3125
v 0 0.1875 -0.375
v -0.5 0.25 -0.3125
v -0.5 0.25 -0.375
v -0.5 0.1875 -0.3125
v -0.5 0.1875 -0.375
v 0 1.9375 -0.3125
v 0 1.9375 -0.375
v 0 0.25 -0.3125
v 0 0.25 -0.375
v -0.0625 1.9375 -0.3125
v -0.0625 1.9375 -0.375
v -0.0625 0.25 -0.3125
v -0.0625 0.25 -0.375
vt 0.0625 0
vt 0.0625 1
vt 0 1
vt 0 0
vt 0.0625 0
vt 0.0625 1
vt 0 1
vt 0 0
vt 0.0625 0.9375
vt 0.0625 1
vt 0 1
vt 0 0.9375
vt 0.0625 0.9375
vt 0.0625 1
vt 0 1
vt 0 0.9375
vt 0.0625 0
vt 0.0625 1
vt 0 1
vt 0 0
vt 0.0625 0
vt 0.0625 1
vt 0 1
vt 0 0
vt 0.0625 0.9375
vt 0.0625 1
vt 0 1
vt 0 0.9375
vt 0.0625 0.9375
vt 0.0625 1
vt 0 1
vt 0 0.9375
vt 0.5 0.9375
vt 0.5 1
vt 0 1
vt 0 0.9375
vt 0.5 0.9375
vt 0.5 1
vt 0 1
vt 0 0.9375
vt 0.5 0.9375
vt 0.5 1
vt 0 1
vt 0 0.9375
vt 0.5 0.9375
vt 0.5 1
vt 0 1
vt 0 0.9375
vt 0.0625 0.8125
vt 0.0625 1
vt 0 1
vt 0 0.8125
vt 0.0625 0.8125
vt 0.0625 1
vt 0 1
vt 0 0.8125
vt 0.5 0.9375
vt 0.5 1
vt 0 1
vt 0 0.9375
vt 0.5 0.9375
vt 0.5 1
vt 0 1
vt 0 0.9375
vt 0.5 0.8125
vt 0.5 1
vt 0 1
vt 0 0.8125
vt 0.5 0.8125
vt 0.5 1
vt 0 1
vt 0 0.8125
vt 0.0625 0.9375
vt 0.0625 1
vt 0 1
vt 0 0.9375
vt 0.0625 0.9375
vt 0.0625 1
vt 0 1
vt 0 0.9375
vt 0.5 0.9375
vt 0.5 1
vt 0 1
vt 0 0.9375
vt 0.5 0.9375
vt 0.5 1
vt 0 1
vt 0 0.9375
vt 0.5 0.9375
vt 0.5 1
vt 0 1
vt 0 0.9375
vt 0.5 0.9375
vt 0.5 1
vt 0 1
vt 0 0.9375
vt 0.0625 0
vt 0.0625 1
vt 0 1
vt 0 0
vt 0.0625 0
vt 0.0625 1
vt 0 1
vt 0 0
vt 0.0625 0.9375
vt 0.0625 1
vt 0 1
vt 0 0.9375
vt 0.0625 0.9375
vt 0.0625 1
vt 0 1
vt 0 0.9375
vt 0.0625 0
vt 0.0625 1
vt 0 1
vt 0 0
vt 0.0625 0
vt 0.0625 1
vt 0 1
vt 0 0
vn 1 0 0
vn -1 0 0
vn 0 1 0
vn 0 -1 0
vn 0 0 1
vn 0 0 -1
vn 1 0 0
vn -1 0 0
vn 0 1 0
vn 0 -1 0
vn 0 0 1
vn 0 0 -1
vn 1 0 0
vn -1 0 0
vn 0 1 0
vn 0 -1 0
vn 0 0 1
vn 0 0 -1
vn 1 0 0
vn -1 0 0
vn 0 1 0
vn 0 -1 0
vn 0 0 1
vn 0 0 -1
vn 1 0 0
vn -1 0 0
vn 0 1 0
vn 0 -1 0
vn 0 0 1
vn 0 0 -1
usemtl m_cc4cbd32-c453-a4c6-e794-5e5fa231e7f1
f 348/1033/259 346/1034/259 345/1035/259
f 348/1033/259 345/1035/259 347/1036/259
f 351/1037/260 349/1038/260 350/1039/260
f 351/1037/260 350/1039/260 352/1040/260
usemtl m_95e20f84-55bb-7186-f91a-586499bd637e
f 345/1041/261 346/1042/261 350/1043/261
f 345/1041/261 350/1043/261 349/1044/261
f 348/1045/262 347/1046/262 351/1047/262
f 348/1045/262 351/1047/262 352/1048/262
f 347/1049/263 345/1050/263 349/1051/263
f 347/1049/263 349/1051/263 351/1052/263
usemtl m_cc4cbd32-c453-a4c6-e794-5e5fa231e7f1
f 352/1053/264 350/1054/264 346/1055/264
f 352/1053/264 346/1055/264 348/1056/264
f 356/1057/265 354/1058/265 353/1059/265
f 356/1057/265 353/1059/265 355/1060/265
f 359/1061/266 357/1062/266 358/1063/266
f 359/1061/266 358/1063/266 360/1064/266
usemtl m_95e20f84-55bb-7186-f91a-586499bd637e
f 353/1065/267 354/1066/267 358/1067/267
f 353/1065/267 358/1067/267 357/1068/267
usemtl m_cc4cbd32-c453-a4c6-e794-5e5fa231e7f1
f 356/1069/268 355/1070/268 359/1071/268
f 356/1069/268 359/1071/268 360/1072/268
usemtl m_95e20f84-55bb-7186-f91a-586499bd637e
f 355/1073/269 353/1074/269 357/1075/269
f 355/1073/269 357/1075/269 359/1076/269
usemtl m_cc4cbd32-c453-a4c6-e794-5e5fa231e7f1
f 360/1077/270 358/1078/270 354/1079/270
f 360/1077/270 354/1079/270 356/1080/270
f 364/1081/271 362/1082/271 361/1083/271
f 364/1081/271 361/1083/271 363/1084/271
f 367/1085/272 365/1086/272 366/1087/272
f 367/1085/272 366/1087/272 368/1088/272
f 361/1089/273 362/1090/273 366/1091/273
f 361/1089/273 366/1091/273 365/1092/273
f 364/1093/274 363/1094/274 367/1095/274
f 364/1093/274 367/1095/274 368/1096/274
usemtl m_f59e3bac-8fcc-890c-63e5-9d78c1a9e541
f 363/1097/275 361/1098/275 365/1099/275
f 363/1097/275 365/1099/275 367/1100/275
usemtl m_cc4cbd32-c453-a4c6-e794-5e5fa231e7f1
f 368/1101/276 366/1102/276 362/1103/276
f 368/1101/276 362/1103/276 364/1104/276
f 372/1105/277 370/1106/277 369/1107/277
f 372/1105/277 369/1107/277 371/1108/277
f 375/1109/278 373/1110/278 374/1111/278
f 375/1109/278 374/1111/278 376/1112/278
f 369/1113/279 370/1114/279 374/1115/279
f 369/1113/279 374/1115/279 373/1116/279
usemtl m_95e20f84-55bb-7186-f91a-586499bd637e
f 372/1117/280 371/1118/280 375/1119/280
f 372/1117/280 375/1119/280 376/1120/280
f 371/1121/281 369/1122/281 373/1123/281
f 371/1121/281 373/1123/281 375/1124/281
usemtl m_cc4cbd32-c453-a4c6-e794-5e5fa231e7f1
f 376/1125/282 374/1126/282 370/1127/282
f 376/1125/282 370/1127/282 372/1128/282
f 380/1129/283 378/1130/283 377/1131/283
f 380/1129/283 377/1131/283 379/1132/283
f 383/1133/284 381/1134/284 382/1135/284
f 383/1133/284 382/1135/284 384/1136/284
f 377/1137/285 378/1138/285 382/1139/285
f 377/1137/285 382/1139/285 381/1140/285
f 380/1141/286 379/1142/286 383/1143/286
f 380/1141/286 383/1143/286 384/1144/286
usemtl m_95e20f84-55bb-7186-f91a-586499bd637e
f 379/1145/287 377/1146/287 381/1147/287
f 379/1145/287 381/1147/287 383/1148/287
usemtl m_cc4cbd32-c453-a4c6-e794-5e5fa231e7f1
f 384/1149/288 382/1150/288 378/1151/288
f 384/1149/288 378/1151/288 380/1152/288
o r_ea
v 0 1.9375 -0.375
v 0 1.9375 -0.4375
v 0 0.25 -0.375
v 0 0.25 -0.4375
v -0.0625 1.9375 -0.375
v -0.0625 1.9375 -0.4375
v -0.0625 0.25 -0.375
v -0.0625 0.25 -0.4375
v 0 2 -0.375
v 0 2 -0.4375
v 0 1.9375 -0.375
v 0 1.9375 -0.4375
v -0.46875 2 -0.375
v -0.46875 2 -0.4375
v -0.46875 1.9375 -0.375
v -0.46875 1.9375 -0.4375
v 0 0.1875 -0.375
v 0 0.1875 -0.4375
v 0 0 -0.375
v 0 0 -0.4375
v -0.46875 0.1875 -0.375
v -0.46875 0.1875 -0.4375
v -0.46875 0 -0.375
v -0.46875 0 -0.4375
v 0 0.25 -0.375
v 0 0.25 -0.4375
v 0 0.1875 -0.375
v 0 0.1875 -0.4375
v -0.46875 0.25 -0.375
v -0.46875 0.25 -0.4375
v -0.46875 0.1875 -0.375
v -0.46875 0.1875 -0.4375
v -0.46875 0.25 -0.375
v -0.46875 0.25 -0.4375
v -0.46875 0 -0.375
v -0.46875 0 -0.4375
v -0.5 0.25 -0.375
v -0.5 0.25 -0.4375
v -0.5 0 -0.375
v -0.5 0 -0.4375
v -0.46875 2 -0.375
v -0.46875 2 -0.4375
v -0.46875 0.25 -0.375
v -0.46875 0.25 -0.4375
v -0.5 2 -0.375
v -0.5 2 -0.4375
v -0.5 0.25 -0.375
v -0.5 0.25 -0.4375
v -0.40625 1.9375 -0.375
v -0.40625 1.9375 -0.4375
v -0.40625 0.25 -0.375
v -0.40625 0.25 -0.4375
v -0.46875 1.9375 -0.375
v -0.46875 1.9375 -0.4375
v -0.46875 0.25 -0.375
v -0.46875 0.25 -0.4375
vt 0 0
vt 0 1
vt 0.0625 1
vt 0.0625 0
vt 0 0
vt 0 1
vt 0.0625 1
vt 0.0625 0
vt 0 0.9375
vt 0 1
vt 0.0625 1
vt 0.0625 0.9375
vt 0 0.9375
vt 0 1
vt 0.0625 1
vt 0.0625 0.9375
vt 0 0
vt 0 1
vt 0.0625 1
vt 0.0625 0
vt 0 0
vt 0 1
vt 0.0625 1
vt 0.0625 0
vt 0 0.9375
vt 0 1
vt 0.0625 1
vt 0.0625 0.9375
vt 0 0.9375
vt 0 1
vt 0.0625 1
vt 0.0625 0.9375
vt 0 0.9375
vt 0 1
vt 0.46875 1
vt 0.46875 0.9375
vt 0 0.9375
vt 0 1
vt 0.46875 1
vt 0.46875 0.9375
vt 0 0.9375
vt 0 1
vt 0.46875 1
vt 0.46875 0.9375
vt 0 0.9375
vt 0 1
vt 0.46875 1
vt 0.46875 0.9375
vt 0 0.8125
vt 0 1
vt 0.0625 1
vt 0.0625 0.8125
vt 0 0.8125
vt 0 1
vt 0.0625 1
vt 0.0625 0.8125
vt 0 0.9375
vt 0 1
vt 0.46875 1
vt 0.46875 0.9375
vt 0 0.9375
vt 0 1
vt 0.46875 1
vt 0.46875 0.9375
vt 0 0.8125
vt 0 1
vt 0.46875 1
vt 0.46875 0.8125
vt 0 0.8125
vt 0 1
vt 0.46875 1
vt 0.46875 0.8125
vt 0 0.9375
vt 0 1
vt 0.0625 1
vt 0.0625 0.9375
vt 0 0.9375
vt 0 1
vt 0.0625 1
vt 0.0625 0.9375
vt 0 0.9375
vt 0 1
vt 0.46875 1
vt 0.46875 0.9375
vt 0 0.9375
vt 0 1
vt 0.46875 1
vt 0.46875 0.9375
vt 0 0.9375
vt 0 1
vt 0.46875 1
vt 0.46875 0.9375
vt 0 0.9375
vt 0 1
vt 0.46875 1
vt 0.46875 0.9375
vt 0 0.75
vt 0 1
vt 0.0625 1
vt 0.0625 0.75
vt 0 0.75
vt 0 1
vt 0.0625 1
vt 0.0625 0.75
vt 0 0.9375
vt 0 1
vt 0.03125 1
vt 0.03125 0.9375
vt 0 0.9375
vt 0 1
vt 0.03125 1
vt 0.03125 0.9375
vt 0 0.75
vt 0 1
vt 0.03125 1
vt 0.03125 0.75
vt 0 0.75
vt 0 1
vt 0.03125 1
vt 0.03125 0.75
vt 0 0
vt 0 1
vt 0.0625 1
vt 0.0625 0
vt 0 0
vt 0 1
vt 0.0625 1
vt 0.0625 0
vt 0 0.9375
vt 0 1
vt 0.03125 1
vt 0.03125 0.9375
vt 0 0.9375
vt 0 1
vt 0.03125 1
vt 0.03125 0.9375
vt 0 0
vt 0 1
vt 0.03125 1
vt 0.03125 0
vt 0 0
vt 0 1
vt 0.03125 1
vt 0.03125 0
vt 0 0
vt 0 1
vt 0.0625 1
vt 0.0625 0
vt 0 0
vt 0 1
vt 0.0625 1
vt 0.0625 0
vt 0 0.9375
vt 0 1
vt 0.0625 1
vt 0.0625 0.9375
vt 0 0.9375
vt 0 1
vt 0.0625 1
vt 0.0625 0.9375
vt 0 0
vt 0 1
vt 0.0625 1
vt 0.0625 0
vt 0 0
vt 0 1
vt 0.0625 1
vt 0.0625 0
vn 1 0 0
vn -1 0 0
vn 0 1 0
vn 0 -1 0
vn 0 0 1
vn 0 0 -1
vn 1 0 0
vn -1 0 0
vn 0 1 0
vn 0 -1 0
vn 0 0 1
vn 0 0 -1
vn 1 0 0
vn -1 0 0
vn 0 1 0
vn 0 -1 0
vn 0 0 1
vn 0 0 -1
vn 1 0 0
vn -1 0 0
vn 0 1 0
vn 0 -1 0
vn 0 0 1
vn 0 0 -1
vn 1 0 0
vn -1 0 0
vn 0 1 0
vn 0 -1 0
vn 0 0 1
vn 0 0 -1
vn 1 0 0
vn -1 0 0
vn 0 1 0
vn 0 -1 0
vn 0 0 1
vn 0 0 -1
vn 1 0 0
vn -1 0 0
vn 0 1 0
vn 0 -1 0
vn 0 0 1
vn 0 0 -1
usemtl m_cc4cbd32-c453-a4c6-e794-5e5fa231e7f1
f 388/1153/289 386/1154/289 385/1155/289
f 388/1153/289 385/1155/289 387/1156/289
f 391/1157/290 389/1158/290 390/1159/290
f 391/1157/290 390/1159/290 392/1160/290
usemtl m_95e20f84-55bb-7186-f91a-586499bd637e
f 385/1161/291 386/1162/291 390/1163/291
f 385/1161/291 390/1163/291 389/1164/291
f 388/1165/292 387/1166/292 391/1167/292
f 388/1165/292 391/1167/292 392/1168/292
f 387/1169/293 385/1170/293 389/1171/293
f 387/1169/293 389/1171/293 391/1172/293
usemtl m_cc4cbd32-c453-a4c6-e794-5e5fa231e7f1
f 392/1173/294 390/1174/294 386/1175/294
f 392/1173/294 386/1175/294 388/1176/294
f 396/1177/295 394/1178/295 393/1179/295
f 396/1177/295 393/1179/295 395/1180/295
usemtl m_95e20f84-55bb-7186-f91a-586499bd637e
f 399/1181/296 397/1182/296 398/1183/296
f 399/1181/296 398/1183/296 400/1184/296
f 393/1185/297 394/1186/297 398/1187/297
f 393/1185/297 398/1187/297 397/1188/297
usemtl m_cc4cbd32-c453-a4c6-e794-5e5fa231e7f1
f 396/1189/298 395/1190/298 399/1191/298
f 396/1189/298 399/1191/298 400/1192/298
usemtl m_95e20f84-55bb-7186-f91a-586499bd637e
f 395/1193/299 393/1194/299 397/1195/299
f 395/1193/299 397/1195/299 399/1196/299
usemtl m_cc4cbd32-c453-a4c6-e794-5e5fa231e7f1
f 400/1197/300 398/1198/300 394/1199/300
f 400/1197/300 394/1199/300 396/1200/300
f 404/1201/301 402/1202/301 401/1203/301
f 404/1201/301 401/1203/301 403/1204/301
f 407/1205/302 405/1206/302 406/1207/302
f 407/1205/302 406/1207/302 408/1208/302
f 401/1209/303 402/1210/303 406/1211/303
f 401/1209/303 406/1211/303 405/1212/303
f 404/1213/304 403/1214/304 407/1215/304
f 404/1213/304 407/1215/304 408/1216/304
usemtl m_f59e3bac-8fcc-890c-63e5-9d78c1a9e541
f 403/1217/305 401/1218/305 405/1219/305
f 403/1217/305 405/1219/305 407/1220/305
usemtl m_cc4cbd32-c453-a4c6-e794-5e5fa231e7f1
f 408/1221/306 406/1222/306 402/1223/306
f 408/1221/306 402/1223/306 404/1224/306
f 412/1225/307 410/1226/307 409/1227/307
f 412/1225/307 409/1227/307 411/1228/307
usemtl m_95e20f84-55bb-7186-f91a-586499bd637e
f 415/1229/308 413/1230/308 414/1231/308
f 415/1229/308 414/1231/308 416/1232/308
usemtl m_cc4cbd32-c453-a4c6-e794-5e5fa231e7f1
f 409/1233/309 410/1234/309 414/1235/309
f 409/1233/309 414/1235/309 413/1236/309
usemtl m_95e20f84-55bb-7186-f91a-586499bd637e
f 412/1237/310 411/1238/310 415/1239/310
f 412/1237/310 415/1239/310 416/1240/310
f 411/1241/311 409/1242/311 413/1243/311
f 411/1241/311 413/1243/311 415/1244/311
usemtl m_cc4cbd32-c453-a4c6-e794-5e5fa231e7f1
f 416/1245/312 414/1246/312 410/1247/312
f 416/1245/312 410/1247/312 412/1248/312
usemtl m_95e20f84-55bb-7186-f91a-586499bd637e
f 420/1249/313 418/1250/313 417/1251/313
f 420/1249/313 417/1251/313 419/1252/313
f 423/1253/314 421/1254/314 422/1255/314
f 423/1253/314 422/1255/314 424/1256/314
f 417/1257/315 418/1258/315 422/1259/315
f 417/1257/315 422/1259/315 421/1260/315
f 420/1261/316 419/1262/316 423/1263/316
f 420/1261/316 423/1263/316 424/1264/316
f 419/1265/317 417/1266/317 421/1267/317
f 419/1265/317 421/1267/317 423/1268/317
f 424/1269/318 422/1270/318 418/1271/318
f 424/1269/318 418/1271/318 420/1272/318
usemtl m_cc4cbd32-c453-a4c6-e794-5e5fa231e7f1
f 428/1273/319 426/1274/319 425/1275/319
f 428/1273/319 425/1275/319 427/1276/319
usemtl m_95e20f84-55bb-7186-f91a-586499bd637e
f 431/1277/320 429/1278/320 430/1279/320
f 431/1277/320 430/1279/320 432/1280/320
f 425/1281/321 426/1282/321 430/1283/321
f 425/1281/321 430/1283/321 429/1284/321
f 428/1285/322 427/1286/322 431/1287/322
f 428/1285/322 431/1287/322 432/1288/322
f 427/1289/323 425/1290/323 429/1291/323
f 427/1289/323 429/1291/323 431/1292/323
f 432/1293/324 430/1294/324 426/1295/324
f 432/1293/324 426/1295/324 428/1296/324
usemtl m_cc4cbd32-c453-a4c6-e794-5e5fa231e7f1
f 436/1297/325 434/1298/325 433/1299/325
f 436/1297/325 433/1299/325 435/1300/325
f 439/1301/326 437/1302/326 438/1303/326
f 439/1301/326 438/1303/326 440/1304/326
f 433/1305/327 434/1306/327 438/1307/327
f 433/1305/327 438/1307/327 437/1308/327
f 436/1309/328 435/1310/328 439/1311/328
f 436/1309/328 439/1311/328 440/1312/328
usemtl m_95e20f84-55bb-7186-f91a-586499bd637e
f 435/1313/329 433/1314/329 437/1315/329
f 435/1313/329 437/1315/329 439/1316/329
usemtl m_cc4cbd32-c453-a4c6-e794-5e5fa231e7f1
f 440/1317/330 438/1318/330 434/1319/330
f 440/1317/330 434/1319/330 436/1320/330
o r_eb
v 0.5 1.9375 -0.3125
v 0.5 1.9375 -0.375
v 0.5 0.25 -0.3125
v 0.5 0.25 -0.375
v 0.4375 1.9375 -0.3125
v 0.4375 1.9375 -0.375
v 0.4375 0.25 -0.3125
v 0.4375 0.25 -0.375
v 0.5 2 -0.3125
v 0.5 2 -0.375
v 0.5 1.9375 -0.3125
v 0.5 1.9375 -0.375
v 0 2 -0.3125
v 0 2 -0.375
v 0 1.9375 -0.3125
v 0 1.9375 -0.375
v 0.5 0.1875 -0.3125
v 0.5 0.1875 -0.375
v 0.5 0 -0.3125
v 0.5 0 -0.375
v 0 0.1875 -0.3125
v 0 0.1875 -0.375
v 0 0 -0.3125
v 0 0 -0.375
v 0.5 0.25 -0.3125
v 0.5 0.25 -0.375
v 0.5 0.1875 -0.3125
v 0.5 0.1875 -0.375
v 0 0.25 -0.3125
v 0 0.25 -0.375
v 0 0.1875 -0.3125
v 0 0.1875 -0.375
v 0.0625 1.9375 -0.3125
v 0.0625 1.9375 -0.375
v 0.0625 0.25 -0.3125
v 0.0625 0.25 -0.375
v 0 1.9375 -0.3125
v 0 1.9375 -0.375
v 0 0.25 -0.3125
v 0 0.25 -0.375
vt 0 0
vt 0 1
vt 0.0625 1
vt 0.0625 0
vt 0 0
vt 0 1
vt 0.0625 1
vt 0.0625 0
vt 0 0.9375
vt 0 1
vt 0.0625 1
vt 0.0625 0.9375
vt 0 0.9375
vt 0 1
vt 0.0625 1
vt 0.0625 0.9375
vt 0 0
vt 0 1
vt 0.0625 1
vt 0.0625 0
vt 0 0
vt 0 1
vt 0.0625 1
vt 0.0625 0
vt 0 0.9375
vt 0 1
vt 0.0625 1
vt 0.0625 0.9375
vt 0 0.9375
vt 0 1
vt 0.0625 1
vt 0.0625 0.9375
vt 0 0.9375
vt 0 1
vt 0.5 1
vt 0.5 0.9375
vt 0 0.9375
vt 0 1
vt 0.5 1
vt 0.5 0.9375
vt 0 0.9375
vt 0 1
vt 0.5 1
vt 0.5 0.9375
vt 0 0.9375
vt 0 1
vt 0.5 1
vt 0.5 0.9375
vt 0 0.8125
vt 0 1
vt 0.0625 1
vt 0.0625 0.8125
vt 0 0.8125
vt 0 1
vt 0.0625 1
vt 0.0625 0.8125
vt 0 0.9375
vt 0 1
vt 0.5 1
vt 0.5 0.9375
vt 0 0.9375
vt 0 1
vt 0.5 1
vt 0.5 0.9375
vt 0 0.8125
vt 0 1
vt 0.5 1
vt 0.5 0.8125
vt 0 0.8125
vt 0 1
vt 0.5 1
vt 0.5 0.8125
vt 0 0.9375
vt 0 1
vt 0.0625 1
vt 0.0625 0.9375
vt 0 0.9375
vt 0 1
vt 0.0625 1
vt 0.0625 0.9375
vt 0 0.9375
vt 0 1
vt 0.5 1
vt 0.5 0.9375
vt 0 0.9375
vt 0 1
vt 0.5 1
vt 0.5 0.9375
vt 0 0.9375
vt 0 1
vt 0.5 1
vt 0.5 0.9375
vt 0 0.9375
vt 0 1
vt 0.5 1
vt 0.5 0.9375
vt 0 0
vt 0 1
vt 0.0625 1
vt 0.0625 0
vt 0 0
vt 0 1
vt 0.0625 1
vt 0.0625 0
vt 0 0.9375
vt 0 1
vt 0.0625 1
vt 0.0625 0.9375
vt 0 0.9375
vt 0 1
vt 0.0625 1
vt 0.0625 0.9375
vt 0 0
vt 0 1
vt 0.0625 1
vt 0.0625 0
vt 0 0
vt 0 1
vt 0.0625 1
vt 0.0625 0
vn 1 0 0
vn -1 0 0
vn 0 1 0
vn 0 -1 0
vn 0 0 1
vn 0 0 -1
vn 1 0 0
vn -1 0 0
vn 0 1 0
vn 0 -1 0
vn 0 0 1
vn 0 0 -1
vn 1 0 0
vn -1 0 0
vn 0 1 0
vn 0 -1 0
vn 0 0 1
vn 0 0 -1
vn 1 0 0
vn -1 0 0
vn 0 1 0
vn 0 -1 0
vn 0 0 1
vn 0 0 -1
vn 1 0 0
vn -1 0 0
vn 0 1 0
vn 0 -1 0
vn 0 0 1
vn 0 0 -1
usemtl m_cc4cbd32-c453-a4c6-e794-5e5fa231e7f1
f 444/1321/331 442/1322/331 441/1323/331
f 444/1321/331 441/1323/331 443/1324/331
f 447/1325/332 445/1326/332 446/1327/332
f 447/1325/332 446/1327/332 448/1328/332
usemtl m_95e20f84-55bb-7186-f91a-586499bd637e
f 441/1329/333 442/1330/333 446/1331/333
f 441/1329/333 446/1331/333 445/1332/333
f 444/1333/334 443/1334/334 447/1335/334
f 444/1333/334 447/1335/334 448/1336/334
f 443/1337/335 441/1338/335 445/1339/335
f 443/1337/335 445/1339/335 447/1340/335
usemtl m_cc4cbd32-c453-a4c6-e794-5e5fa231e7f1
f 448/1341/336 446/1342/336 442/1343/336
f 448/1341/336 442/1343/336 444/1344/336
f 452/1345/337 450/1346/337 449/1347/337
f 452/1345/337 449/1347/337 451/1348/337
f 455/1349/338 453/1350/338 454/1351/338
f 455/1349/338 454/1351/338 456/1352/338
usemtl m_95e20f84-55bb-7186-f91a-586499bd637e
f 449/1353/339 450/1354/339 454/1355/339
f 449/1353/339 454/1355/339 453/1356/339
usemtl m_cc4cbd32-c453-a4c6-e794-5e5fa231e7f1
f 452/1357/340 451/1358/340 455/1359/340
f 452/1357/340 455/1359/340 456/1360/340
usemtl m_95e20f84-55bb-7186-f91a-586499bd637e
f 451/1361/341 449/1362/341 453/1363/341
f 451/1361/341 453/1363/341 455/1364/341
usemtl m_cc4cbd32-c453-a4c6-e794-5e5fa231e7f1
f 456/1365/342 454/1366/342 450/1367/342
f 456/1365/342 450/1367/342 452/1368/342
f 460/1369/343 458/1370/343 457/1371/343
f 460/1369/343 457/1371/343 459/1372/343
f 463/1373/344 461/1374/344 462/1375/344
f 463/1373/344 462/1375/344 464/1376/344
f 457/1377/345 458/1378/345 462/1379/345
f 457/1377/345 462/1379/345 461/1380/345
f 460/1381/346 459/1382/346 463/1383/346
f 460/1381/346 463/1383/346 464/1384/346
usemtl m_f59e3bac-8fcc-890c-63e5-9d78c1a9e541
f 459/1385/347 457/1386/347 461/1387/347
f 459/1385/347 461/1387/347 463/1388/347
usemtl m_cc4cbd32-c453-a4c6-e794-5e5fa231e7f1
f 464/1389/348 462/1390/348 458/1391/348
f 464/1389/348 458/1391/348 460/1392/348
f 468/1393/349 466/1394/349 465/1395/349
f 468/1393/349 465/1395/349 467/1396/349
f 471/1397/350 469/1398/350 470/1399/350
f 471/1397/350 470/1399/350 472/1400/350
f 465/1401/351 466/1402/351 470/1403/351
f 465/1401/351 470/1403/351 469/1404/351
usemtl m_95e20f84-55bb-7186-f91a-586499bd637e
f 468/1405/352 467/1406/352 471/1407/352
f 468/1405/352 471/1407/352 472/1408/352
f 467/1409/353 465/1410/353 469/1411/353
f 467/1409/353 469/1411/353 471/1412/353
usemtl m_cc4cbd32-c453-a4c6-e794-5e5fa231e7f1
f 472/1413/354 470/1414/354 466/1415/354
f 472/1413/354 466/1415/354 468/1416/354
f 476/1417/355 474/1418/355 473/1419/355
f 476/1417/355 473/1419/355 475/1420/355
f 479/1421/356 477/1422/356 478/1423/356
f 479/1421/356 478/1423/356 480/1424/356
f 473/1425/357 474/1426/357 478/1427/357
f 473/1425/357 478/1427/357 477/1428/357
f 476/1429/358 475/1430/358 479/1431/358
f 476/1429/358 479/1431/358 480/1432/358
usemtl m_95e20f84-55bb-7186-f91a-586499bd637e
f 475/1433/359 473/1434/359 477/1435/359
f 475/1433/359 477/1435/359 479/1436/359
usemtl m_cc4cbd32-c453-a4c6-e794-5e5fa231e7f1
f 480/1437/360 478/1438/360 474/1439/360
f 480/1437/360 474/1439/360 476/1440/360
o g_rde
v 0.4375 2 -0.1875
v 0.4375 2 -0.25
v 0.4375 1.9375 -0.1875
v 0.4375 1.9375 -0.25
v 0 2 -0.1875
v 0 2 -0.25
v 0 1.9375 -0.1875
v 0 1.9375 -0.25
v 0.375 0.25 -0.1875
v 0.375 0.25 -0.18906250000000002
v 0.375 0.0625 -0.1875
v 0.375 0.0625 -0.18906250000000002
v 0 0.25 -0.1875
v 0 0.25 -0.18906250000000002
v 0 0.0625 -0.1875
v 0 0.0625 -0.18906250000000002
v 0.4375 0.3125 -0.1875
v 0.4375 0.3125 -0.25
v 0.4375 0.25 -0.1875
v 0.4375 0.25 -0.25
v 0 0.3125 -0.1875
v 0 0.3125 -0.25
v 0 0.25 -0.1875
v 0 0.25 -0.25
v 0.4375 0.0625 -0.1875
v 0.4375 0.0625 -0.25
v 0.4375 0 -0.1875
v 0.4375 0 -0.25
v 0 0.0625 -0.1875
v 0 0.0625 -0.25
v 0 0 -0.1875
v 0 0 -0.25
v 0.4375 1.9375 -0.1875
v 0.4375 1.9375 -0.25
v 0.4375 0.3125 -0.1875
v 0.4375 0.3125 -0.25
v 0.375 1.9375 -0.1875
v 0.375 1.9375 -0.25
v 0.375 0.3125 -0.1875
v 0.375 0.3125 -0.25
v 0.4375 0.25 -0.1875
v 0.4375 0.25 -0.25
v 0.4375 0.0625 -0.1875
v 0.4375 0.0625 -0.25
v 0.375 0.25 -0.1875
v 0.375 0.25 -0.25
v 0.375 0.0625 -0.1875
v 0.375 0.0625 -0.25
v 0.5 2 -0.1875
v 0.5 2 -0.3125
v 0.5 0 -0.1875
v 0.5 0 -0.3125
v 0.4375 2 -0.1875
v 0.4375 2 -0.3125
v 0.4375 0 -0.1875
v 0.4375 0 -0.3125
vt 0.0625 0.9375
vt 0.0625 1
vt 0 1
vt 0 0.9375
vt 0.0625 0.9375
vt 0.0625 1
vt 0 1
vt 0 0.9375
vt 0.4375 0.9375
vt 0.4375 1
vt 0 1
vt 0 0.9375
vt 0.4375 0.9375
vt 0.4375 1
vt 0 1
vt 0 0.9375
vt 0.4375 0.9375
vt 0.4375 1
vt 0 1
vt 0 0.9375
vt 0.4375 0.9375
vt 0.4375 1
vt 0 1
vt 0 0.9375
vt 0.0015625000000000222 0.8125
vt 0.0015625000000000222 1
vt 0 1
vt 0 0.8125
vt 0.0015625000000000222 0.8125
vt 0.0015625000000000222 1
vt 0 1
vt 0 0.8125
vt 0.375 0.9984375
vt 0.375 1
vt 0 1
vt 0 0.9984375
vt 0.375 0.9984375
vt 0.375 1
vt 0 1
vt 0 0.9984375
vt 0.375 0.8125
vt 0.375 1
vt 0 1
vt 0 0.8125
vt 0.375 0.8125
vt 0.375 1
vt 0 1
vt 0 0.8125
vt 0.0625 0.9375
vt 0.0625 1
vt 0 1
vt 0 0.9375
vt 0.0625 0.9375
vt 0.0625 1
vt 0 1
vt 0 0.9375
vt 0.4375 0.9375
vt 0.4375 1
vt 0 1
vt 0 0.9375
vt 0.4375 0.9375
vt 0.4375 1
vt 0 1
vt 0 0.9375
vt 0.4375 0.9375
vt 0.4375 1
vt 0 1
vt 0 0.9375
vt 0.4375 0.9375
vt 0.4375 1
vt 0 1
vt 0 0.9375
vt 0.0625 0.9375
vt 0.0625 1
vt 0 1
vt 0 0.9375
vt 0.0625 0.9375
vt 0.0625 1
vt 0 1
vt 0 0.9375
vt 0.4375 0.9375
vt 0.4375 1
vt 0 1
vt 0 0.9375
vt 0.4375 0.9375
vt 0.4375 1
vt 0 1
vt 0 0.9375
vt 0.4375 0.9375
vt 0.4375 1
vt 0 1
vt 0 0.9375
vt 0.4375 0.9375
vt 0.4375 1
vt 0 1
vt 0 0.9375
vt 0.0625 0
vt 0.0625 1
vt 0 1
vt 0 0
vt 0.0625 0
vt 0.0625 1
vt 0 1
vt 0 0
vt 0.0625 0.9375
vt 0.0625 1
vt 0 1
vt 0 0.9375
vt 0.0625 0.9375
vt 0.0625 1
vt 0 1
vt 0 0.9375
vt 0.0625 0
vt 0.0625 1
vt 0 1
vt 0 0
vt 0.0625 0
vt 0.0625 1
vt 0 1
vt 0 0
vt 0.0625 0.8125
vt 0.0625 1
vt 0 1
vt 0 0.8125
vt 0.0625 0.8125
vt 0.0625 1
vt 0 1
vt 0 0.8125
vt 0.0625 0.9375
vt 0.0625 1
vt 0 1
vt 0 0.9375
vt 0.0625 0.9375
vt 0.0625 1
vt 0 1
vt 0 0.9375
vt 0.0625 0.8125
vt 0.0625 1
vt 0 1
vt 0 0.8125
vt 0.0625 0.8125
vt 0.0625 1
vt 0 1
vt 0 0.8125
vt 0.125 0
vt 0.125 1
vt 0 1
vt 0 0
vt 0.125 0
vt 0.125 1
vt 0 1
vt 0 0
vt 0.0625 0.875
vt 0.0625 1
vt 0 1
vt 0 0.875
vt 0.0625 0.875
vt 0.0625 1
vt 0 1
vt 0 0.875
vt 0.0625 0
vt 0.0625 1
vt 0 1
vt 0 0
vt 0.0625 0
vt 0.0625 1
vt 0 1
vt 0 0
vn 1 0 0
vn -1 0 0
vn 0 1 0
vn 0 -1 0
vn 0 0 1
vn 0 0 -1
vn 1 0 0
vn -1 0 0
vn 0 1 0
vn 0 -1 0
vn 0 0 1
vn 0 0 -1
vn 1 0 0
vn -1 0 0
vn 0 1 0
vn 0 -1 0
vn 0 0 1
vn 0 0 -1
vn 1 0 0
vn -1 0 0
vn 0 1 0
vn 0 -1 0
vn 0 0 1
vn 0 0 -1
vn 1 0 0
vn -1 0 0
vn 0 1 0
vn 0 -1 0
vn 0 0 1
vn 0 0 -1
vn 1 0 0
vn -1 0 0
vn 0 1 0
vn 0 -1 0
vn 0 0 1
vn 0 0 -1
vn 1 0 0
vn -1 0 0
vn 0 1 0
vn 0 -1 0
vn 0 0 1
vn 0 0 -1
usemtl m_cc4cbd32-c453-a4c6-e794-5e5fa231e7f1
f 484/1441/361 482/1442/361 481/1443/361
f 484/1441/361 481/1443/361 483/1444/361
f 487/1445/362 485/1446/362 486/1447/362
f 487/1445/362 486/1447/362 488/1448/362
f 481/1449/363 482/1450/363 486/1451/363
f 481/1449/363 486/1451/363 485/1452/363
f 484/1453/364 483/1454/364 487/1455/364
f 484/1453/364 487/1455/364 488/1456/364
usemtl m_95e20f84-55bb-7186-f91a-586499bd637e
f 483/1457/365 481/1458/365 485/1459/365
f 483/1457/365 485/1459/365 487/1460/365
usemtl m_cc4cbd32-c453-a4c6-e794-5e5fa231e7f1
f 488/1461/366 486/1462/366 482/1463/366
f 488/1461/366 482/1463/366 484/1464/366
f 492/1465/367 490/1466/367 489/1467/367
f 492/1465/367 489/1467/367 491/1468/367
f 495/1469/368 493/1470/368 494/1471/368
f 495/1469/368 494/1471/368 496/1472/368
f 489/1473/369 490/1474/369 494/1475/369
f 489/1473/369 494/1475/369 493/1476/369
f 492/1477/370 491/1478/370 495/1479/370
f 492/1477/370 495/1479/370 496/1480/370
usemtl m_f59e3bac-8fcc-890c-63e5-9d78c1a9e541
f 491/1481/371 489/1482/371 493/1483/371
f 491/1481/371 493/1483/371 495/1484/371
usemtl m_cc4cbd32-c453-a4c6-e794-5e5fa231e7f1
f 496/1485/372 494/1486/372 490/1487/372
f 496/1485/372 490/1487/372 492/1488/372
f 500/1489/373 498/1490/373 497/1491/373
f 500/1489/373 497/1491/373 499/1492/373
f 503/1493/374 501/1494/374 502/1495/374
f 503/1493/374 502/1495/374 504/1496/374
f 497/1497/375 498/1498/375 502/1499/375
f 497/1497/375 502/1499/375 501/1500/375
f 500/1501/376 499/1502/376 503/1503/376
f 500/1501/376 503/1503/376 504/1504/376
usemtl m_95e20f84-55bb-7186-f91a-586499bd637e
f 499/1505/377 497/1506/377 501/1507/377
f 499/1505/377 501/1507/377 503/1508/377
usemtl m_cc4cbd32-c453-a4c6-e794-5e5fa231e7f1
f 504/1509/378 502/1510/378 498/1511/378
f 504/1509/378 498/1511/378 500/1512/378
f 508/1513/379 506/1514/379 505/1515/379
f 508/1513/379 505/1515/379 507/1516/379
f 511/1517/380 509/1518/380 510/1519/380
f 511/1517/380 510/1519/380 512/1520/380
f 505/1521/381 506/1522/381 510/1523/381
f 505/1521/381 510/1523/381 509/1524/381
f 508/1525/382 507/1526/382 511/1527/382
f 508/1525/382 511/1527/382 512/1528/382
usemtl m_f59e3bac-8fcc-890c-63e5-9d78c1a9e541
f 507/1529/383 505/1530/383 509/1531/383
f 507/1529/383 509/1531/383 511/1532/383
usemtl m_cc4cbd32-c453-a4c6-e794-5e5fa231e7f1
f 512/1533/384 510/1534/384 506/1535/384
f 512/1533/384 506/1535/384 508/1536/384
f 516/1537/385 514/1538/385 513/1539/385
f 516/1537/385 513/1539/385 515/1540/385
f 519/1541/386 517/1542/386 518/1543/386
f 519/1541/386 518/1543/386 520/1544/386
f 513/1545/387 514/1546/387 518/1547/387
f 513/1545/387 518/1547/387 517/1548/387
f 516/1549/388 515/1550/388 519/1551/388
f 516/1549/388 519/1551/388 520/1552/388
usemtl m_95e20f84-55bb-7186-f91a-586499bd637e
f 515/1553/389 513/1554/389 517/1555/389
f 515/1553/389 517/1555/389 519/1556/389
usemtl m_cc4cbd32-c453-a4c6-e794-5e5fa231e7f1
f 520/1557/390 518/1558/390 514/1559/390
f 520/1557/390 514/1559/390 516/1560/390
f 524/1561/391 522/1562/391 521/1563/391
f 524/1561/391 521/1563/391 523/1564/391
f 527/1565/392 525/1566/392 526/1567/392
f 527/1565/392 526/1567/392 528/1568/392
f 521/1569/393 522/1570/393 526/1571/393
f 521/1569/393 526/1571/393 525/1572/393
f 524/1573/394 523/1574/394 527/1575/394
f 524/1573/394 527/1575/394 528/1576/394
usemtl m_f59e3bac-8fcc-890c-63e5-9d78c1a9e541
f 523/1577/395 521/1578/395 525/1579/395
f 523/1577/395 525/1579/395 527/1580/395
usemtl m_cc4cbd32-c453-a4c6-e794-5e5fa231e7f1
f 528/1581/396 526/1582/396 522/1583/396
f 528/1581/396 522/1583/396 524/1584/396
f 532/1585/397 530/1586/397 529/1587/397
f 532/1585/397 529/1587/397 531/1588/397
f 535/1589/398 533/1590/398 534/1591/398
f 535/1589/398 534/1591/398 536/1592/398
f 529/1593/399 530/1594/399 534/1595/399
f 529/1593/399 534/1595/399 533/1596/399
f 532/1597/400 531/1598/400 535/1599/400
f 532/1597/400 535/1599/400 536/1600/400
f 531/1601/401 529/1602/401 533/1603/401
f 531/1601/401 533/1603/401 535/1604/401
f 536/1605/402 534/1606/402 530/1607/402
f 536/1605/402 530/1607/402 532/1608/402
o g_lde
v 0 2 -0.1875
v 0 2 -0.25
v 0 1.9375 -0.1875
v 0 1.9375 -0.25
v -0.4375 2 -0.1875
v -0.4375 2 -0.25
v -0.4375 1.9375 -0.1875
v -0.4375 1.9375 -0.25
v 0 0.25 -0.1875
v 0 0.25 -0.18906250000000002
v 0 0.0625 -0.1875
v 0 0.0625 -0.18906250000000002
v -0.375 0.25 -0.1875
v -0.375 0.25 -0.18906250000000002
v -0.375 0.0625 -0.1875
v -0.375 0.0625 -0.18906250000000002
v 0 0.3125 -0.1875
v 0 0.3125 -0.25
v 0 0.25 -0.1875
v 0 0.25 -0.25
v -0.4375 0.3125 -0.1875
v -0.4375 0.3125 -0.25
v -0.4375 0.25 -0.1875
v -0.4375 0.25 -0.25
v 0 0.0625 -0.1875
v 0 0.0625 -0.25
v 0 0 -0.1875
v 0 0 -0.25
v -0.4375 0.0625 -0.1875
v -0.4375 0.0625 -0.25
v -0.4375 0 -0.1875
v -0.4375 0 -0.25
v -0.375 1.9375 -0.1875
v -0.375 1.9375 -0.25
v -0.375 0.3125 -0.1875
v -0.375 0.3125 -0.25
v -0.4375 1.9375 -0.1875
v -0.4375 1.9375 -0.25
v -0.4375 0.3125 -0.1875
v -0.4375 0.3125 -0.25
v -0.375 0.25 -0.1875
v -0.375 0.25 -0.25
v -0.375 0.0625 -0.1875
v -0.375 0.0625 -0.25
v -0.4375 0.25 -0.1875
v -0.4375 0.25 -0.25
v -0.4375 0.0625 -0.1875
v -0.4375 0.0625 -0.25
v -0.4375 2 -0.1875
v -0.4375 2 -0.3125
v -0.4375 0 -0.1875
v -0.4375 0 -0.3125
v -0.5 2 -0.1875
v -0.5 2 -0.3125
v -0.5 0 -0.1875
v -0.5 0 -0.3125
vt 0.125 0.9375
vt 0.125 1
vt 0.0625 1
vt 0.0625 0.9375
vt 0.125 0.9375
vt 0.125 1
vt 0.0625 1
vt 0.0625 0.9375
vt 0.875 0.9375
vt 0.875 1
vt 0.4375 1
vt 0.4375 0.9375
vt 0.875 0.9375
vt 0.875 1
vt 0.4375 1
vt 0.4375 0.9375
vt 0.875 0.9375
vt 0.875 1
vt 0.4375 1
vt 0.4375 0.9375
vt 0.875 0.9375
vt 0.875 1
vt 0.4375 1
vt 0.4375 0.9375
vt 0.0031250000000000444 0.8125
vt 0.0031250000000000444 1
vt 0.0015625000000000222 1
vt 0.0015625000000000222 0.8125
vt 0.0031250000000000444 0.8125
vt 0.0031250000000000444 1
vt 0.0015625000000000222 1
vt 0.0015625000000000222 0.8125
vt 0.75 0.9984375
vt 0.75 1
vt 0.375 1
vt 0.375 0.9984375
vt 0.75 0.9984375
vt 0.75 1
vt 0.375 1
vt 0.375 0.9984375
vt 0.75 0.8125
vt 0.75 1
vt 0.375 1
vt 0.375 0.8125
vt 0.75 0.8125
vt 0.75 1
vt 0.375 1
vt 0.375 0.8125
vt 0.125 0.9375
vt 0.125 1
vt 0.0625 1
vt 0.0625 0.9375
vt 0.125 0.9375
vt 0.125 1
vt 0.0625 1
vt 0.0625 0.9375
vt 0.875 0.9375
vt 0.875 1
vt 0.4375 1
vt 0.4375 0.9375
vt 0.875 0.9375
vt 0.875 1
vt 0.4375 1
vt 0.4375 0.9375
vt 0.875 0.9375
vt 0.875 1
vt 0.4375 1
vt 0.4375 0.9375
vt 0.875 0.9375
vt 0.875 1
vt 0.4375 1
vt 0.4375 0.9375
vt 0.125 0.9375
vt 0.125 1
vt 0.0625 1
vt 0.0625 0.9375
vt 0.125 0.9375
vt 0.125 1
vt 0.0625 1
vt 0.0625 0.9375
vt 0.875 0.9375
vt 0.875 1
vt 0.4375 1
vt 0.4375 0.9375
vt 0.875 0.9375
vt 0.875 1
vt 0.4375 1
vt 0.4375 0.9375
vt 0.875 0.9375
vt 0.875 1
vt 0.4375 1
vt 0.4375 0.9375
vt 0.875 0.9375
vt 0.875 1
vt 0.4375 1
vt 0.4375 0.9375
vt 0.125 0
vt 0.125 1
vt 0.0625 1
vt 0.0625 0
vt 0.125 0
vt 0.125 1
vt 0.0625 1
vt 0.0625 0
vt 0.125 0.9375
vt 0.125 1
vt 0.0625 1
vt 0.0625 0.9375
vt 0.125 0.9375
vt 0.125 1
vt 0.0625 1
vt 0.0625 0.9375
vt 0.125 0
vt 0.125 1
vt 0.0625 1
vt 0.0625 0
vt 0.125 0
vt 0.125 1
vt 0.0625 1
vt 0.0625 0
vt 0.125 0.8125
vt 0.125 1
vt 0.0625 1
vt 0.0625 0.8125
vt 0.125 0.8125
vt 0.125 1
vt 0.0625 1
vt 0.0625 0.8125
vt 0.125 0.9375
vt 0.125 1
vt 0.0625 1
vt 0.0625 0.9375
vt 0.125 0.9375
vt 0.125 1
vt 0.0625 1
vt 0.0625 0.9375
vt 0.125 0.8125
vt 0.125 1
vt 0.0625 1
vt 0.0625 0.8125
vt 0.125 0.8125
vt 0.125 1
vt 0.0625 1
vt 0.0625 0.8125
vt 0.25 0
vt 0.25 1
vt 0.125 1
vt 0.125 0
vt 0.25 0
vt 0.25 1
vt 0.125 1
vt 0.125 0
vt 0.125 0.875
vt 0.125 1
vt 0.0625 1
vt 0.0625 0.875
vt 0.125 0.875
vt 0.125 1
vt 0.0625 1
vt 0.0625 0.875
vt 0.125 0
vt 0.125 1
vt 0.0625 1
vt 0.0625 0
vt 0.125 0
vt 0.125 1
vt 0.0625 1
vt 0.0625 0
vn 1 0 0
vn -1 0 0
vn 0 1 0
vn 0 -1 0
vn 0 0 1
vn 0 0 -1
vn 1 0 0
vn -1 0 0
vn 0 1 0
vn 0 -1 0
vn 0 0 1
vn 0 0 -1
vn 1 0 0
vn -1 0 0
vn 0 1 0
vn 0 -1 0
vn 0 0 1
vn 0 0 -1
vn 1 0 0
vn -1 0 0
vn 0 1 0
vn 0 -1 0
vn 0 0 1
vn 0 0 -1
vn 1 0 0
vn -1 0 0
vn 0 1 0
vn 0 -1 0
vn 0 0 1
vn 0 0 -1
vn 1 0 0
vn -1 0 0
vn 0 1 0
vn 0 -1 0
vn 0 0 1
vn 0 0 -1
vn 1 0 0
vn -1 0 0
vn 0 1 0
vn 0 -1 0
vn 0 0 1
vn 0 0 -1
usemtl m_cc4cbd32-c453-a4c6-e794-5e5fa231e7f1
f 540/1609/403 538/1610/403 537/1611/403
f 540/1609/403 537/1611/403 539/1612/403
f 543/1613/404 541/1614/404 542/1615/404
f 543/1613/404 542/1615/404 544/1616/404
f 537/1617/405 538/1618/405 542/1619/405
f 537/1617/405 542/1619/405 541/1620/405
f 540/1621/406 539/1622/406 543/1623/406
f 540/1621/406 543/1623/406 544/1624/406
usemtl m_95e20f84-55bb-7186-f91a-586499bd637e
f 539/1625/407 537/1626/407 541/1627/407
f 539/1625/407 541/1627/407 543/1628/407
usemtl m_cc4cbd32-c453-a4c6-e794-5e5fa231e7f1
f 544/1629/408 542/1630/408 538/1631/408
f 544/1629/408 538/1631/408 540/1632/408
f 548/1633/409 546/1634/409 545/1635/409
f 548/1633/409 545/1635/409 547/1636/409
f 551/1637/410 549/1638/410 550/1639/410
f 551/1637/410 550/1639/410 552/1640/410
f 545/1641/411 546/1642/411 550/1643/411
f 545/1641/411 550/1643/411 549/1644/411
f 548/1645/412 547/1646/412 551/1647/412
f 548/1645/412 551/1647/412 552/1648/412
usemtl m_f59e3bac-8fcc-890c-63e5-9d78c1a9e541
f 547/1649/413 545/1650/413 549/1651/413
f 547/1649/413 549/1651/413 551/1652/413
usemtl m_cc4cbd32-c453-a4c6-e794-5e5fa231e7f1
f 552/1653/414 550/1654/414 546/1655/414
f 552/1653/414 546/1655/414 548/1656/414
f 556/1657/415 554/1658/415 553/1659/415
f 556/1657/415 553/1659/415 555/1660/415
f 559/1661/416 557/1662/416 558/1663/416
f 559/1661/416 558/1663/416 560/1664/416
f 553/1665/417 554/1666/417 558/1667/417
f 553/1665/417 558/1667/417 557/1668/417
f 556/1669/418 555/1670/418 559/1671/418
f 556/1669/418 559/1671/418 560/1672/418
usemtl m_95e20f84-55bb-7186-f91a-586499bd637e
f 555/1673/419 553/1674/419 557/1675/419
f 555/1673/419 557/1675/419 559/1676/419
usemtl m_cc4cbd32-c453-a4c6-e794-5e5fa231e7f1
f 560/1677/420 558/1678/420 554/1679/420
f 560/1677/420 554/1679/420 556/1680/420
f 564/1681/421 562/1682/421 561/1683/421
f 564/1681/421 561/1683/421 563/1684/421
f 567/1685/422 565/1686/422 566/1687/422
f 567/1685/422 566/1687/422 568/1688/422
f 561/1689/423 562/1690/423 566/1691/423
f 561/1689/423 566/1691/423 565/1692/423
f 564/1693/424 563/1694/424 567/1695/424
f 564/1693/424 567/1695/424 568/1696/424
usemtl m_f59e3bac-8fcc-890c-63e5-9d78c1a9e541
f 563/1697/425 561/1698/425 565/1699/425
f 563/1697/425 565/1699/425 567/1700/425
usemtl m_cc4cbd32-c453-a4c6-e794-5e5fa231e7f1
f 568/1701/426 566/1702/426 562/1703/426
f 568/1701/426 562/1703/426 564/1704/426
f 572/1705/427 570/1706/427 569/1707/427
f 572/1705/427 569/1707/427 571/1708/427
f 575/1709/428 573/1710/428 574/1711/428
f 575/1709/428 574/1711/428 576/1712/428
f 569/1713/429 570/1714/429 574/1715/429
f 569/1713/429 574/1715/429 573/1716/429
f 572/1717/430 571/1718/430 575/1719/430
f 572/1717/430 575/1719/430 576/1720/430
usemtl m_95e20f84-55bb-7186-f91a-586499bd637e
f 571/1721/431 569/1722/431 573/1723/431
f 571/1721/431 573/1723/431 575/1724/431
usemtl m_cc4cbd32-c453-a4c6-e794-5e5fa231e7f1
f 576/1725/432 574/1726/432 570/1727/432
f 576/1725/432 570/1727/432 572/1728/432
f 580/1729/433 578/1730/433 577/1731/433
f 580/1729/433 577/1731/433 579/1732/433
f 583/1733/434 581/1734/434 582/1735/434
f 583/1733/434 582/1735/434 584/1736/434
f 577/1737/435 578/1738/435 582/1739/435
f 577/1737/435 582/1739/435 581/1740/435
f 580/1741/436 579/1742/436 583/1743/436
f 580/1741/436 583/1743/436 584/1744/436
usemtl m_f59e3bac-8fcc-890c-63e5-9d78c1a9e541
f 579/1745/437 577/1746/437 581/1747/437
f 579/1745/437 581/1747/437 583/1748/437
usemtl m_cc4cbd32-c453-a4c6-e794-5e5fa231e7f1
f 584/1749/438 582/1750/438 578/1751/438
f 584/1749/438 578/1751/438 580/1752/438
f 588/1753/439 586/1754/439 585/1755/439
f 588/1753/439 585/1755/439 587/1756/439
f 591/1757/440 589/1758/440 590/1759/440
f 591/1757/440 590/1759/440 592/1760/440
f 585/1761/441 586/1762/441 590/1763/441
f 585/1761/441 590/1763/441 589/1764/441
f 588/1765/442 587/1766/442 591/1767/442
f 588/1765/442 591/1767/442 592/1768/442
f 587/1769/443 585/1770/443 589/1771/443
f 587/1769/443 589/1771/443 591/1772/443
f 592/1773/444 590/1774/444 586/1775/444
f 592/1773/444 586/1775/444 588/1776/444
o g_rse
v -0.0625 1.9375 -0.1875
v -0.0625 1.9375 -0.25
v -0.0625 0.3125 -0.1875
v -0.0625 0.3125 -0.25
v -0.125 1.9375 -0.1875
v -0.125 1.9375 -0.25
v -0.125 0.3125 -0.1875
v -0.125 0.3125 -0.25
v 0 2 -0.125
v 0 2 -0.3125
v 0 0 -0.125
v 0 0 -0.3125
v -0.0625 2 -0.125
v -0.0625 2 -0.3125
v -0.0625 0 -0.125
v -0.0625 0 -0.3125
v -0.0625 0.25 -0.1875
v -0.0625 0.25 -0.25
v -0.0625 0.0625 -0.1875
v -0.0625 0.0625 -0.25
v -0.125 0.25 -0.1875
v -0.125 0.25 -0.25
v -0.125 0.0625 -0.1875
v -0.125 0.0625 -0.25
v 0 0.25 0.1875
v -0.0625 0.25 0.1875
v 0 0.0625 0.1875
v -0.0625 0.0625 0.1875
v -1.3877787807814457e-17 0.25 0.25
v -0.06250000000000001 0.25 0.25
v -1.3877787807814457e-17 0.0625 0.25
v -0.06250000000000001 0.0625 0.25
v 0 0.25 -0.125
v -0.0625 0.25 -0.125
v 0 0.0625 -0.125
v -0.0625 0.0625 -0.125
v -1.3877787807814457e-17 0.25 -0.0625
v -0.06250000000000001 0.25 -0.0625
v -1.3877787807814457e-17 0.0625 -0.0625
v -0.06250000000000001 0.0625 -0.0625
v 0 1.9375 -0.125
v -0.0625 1.9375 -0.125
v 0 0.3125 -0.125
v -0.0625 0.3125 -0.125
v -1.3877787807814457e-17 1.9375 -0.0625
v -0.06250000000000001 1.9375 -0.0625
v -1.3877787807814457e-17 0.3125 -0.0625
v -0.06250000000000001 0.3125 -0.0625
v 0 1.9375 0.1875
v -0.0625 1.9375 0.1875
v 0 0.3125 0.1875
v -0.0625 0.3125 0.1875
v -1.3877787807814457e-17 1.9375 0.25
v -0.06250000000000001 1.9375 0.25
v -1.3877787807814457e-17 0.3125 0.25
v -0.06250000000000001 0.3125 0.25
v 8.326672684688674e-17 0.0625 -0.125
v -0.06249999999999992 0.0625 -0.125
v 8.326672684688674e-17 0 -0.125
v -0.06249999999999992 0 -0.125
v 0 0.0625 0.25
v -0.0625 0.0625 0.25
v 0 0 0.25
v -0.0625 0 0.25
v 8.326672684688674e-17 0.3125 -0.125
v -0.06249999999999992 0.3125 -0.125
v 8.326672684688674e-17 0.25 -0.125
v -0.06249999999999992 0.25 -0.125
v 0 0.3125 0.25
v -0.0625 0.3125 0.25
v 0 0.25 0.25
v -0.0625 0.25 0.25
v -0.06093749999999991 0.25 -0.0625
v -0.06249999999999993 0.25 -0.0625
v -0.06093749999999991 0.0625 -0.0625
v -0.06249999999999993 0.0625 -0.0625
v -0.060937499999999964 0.25 0.1875
v -0.062499999999999986 0.25 0.1875
v -0.060937499999999964 0.0625 0.1875
v -0.062499999999999986 0.0625 0.1875
v 8.326672684688674e-17 2 -0.125
v -0.06249999999999992 2 -0.125
v 8.326672684688674e-17 1.9375 -0.125
v -0.06249999999999992 1.9375 -0.125
v 0 2 0.25
v -0.0625 2 0.25
v 0 1.9375 0.25
v -0.0625 1.9375 0.25
v 0 2 0.25
v -0.0625 2 0.25
v 0 0 0.25
v -0.0625 0 0.25
v -1.3877787807814457e-17 2 0.3125
v -0.06250000000000001 2 0.3125
v -1.3877787807814457e-17 0 0.3125
v -0.06250000000000001 0 0.3125
vt 0.125 0
vt 0.125 1
vt 0.0625 1
vt 0.0625 0
vt 0.125 0
vt 0.125 1
vt 0.0625 1
vt 0.0625 0
vt 0.125 0.9375
vt 0.125 1
vt 0.0625 1
vt 0.0625 0.9375
vt 0.125 0.9375
vt 0.125 1
vt 0.0625 1
vt 0.0625 0.9375
vt 0.125 0
vt 0.125 1
vt 0.0625 1
vt 0.0625 0
vt 0.125 0
vt 0.125 1
vt 0.0625 1
vt 0.0625 0
vt 0.3125 0
vt 0.3125 1
vt 0.125 1
vt 0.125 0
vt 0.3125 0
vt 0.3125 1
vt 0.125 1
vt 0.125 0
vt 0.125 0.8125
vt 0.125 1
vt 0.0625 1
vt 0.0625 0.8125
vt 0.125 0.8125
vt 0.125 1
vt 0.0625 1
vt 0.0625 0.8125
vt 0.125 0
vt 0.125 1
vt 0.0625 1
vt 0.0625 0
vt 0.125 0
vt 0.125 1
vt 0.0625 1
vt 0.0625 0
vt 0.125 0.8125
vt 0.125 1
vt 0.0625 1
vt 0.0625 0.8125
vt 0.125 0.8125
vt 0.125 1
vt 0.0625 1
vt 0.0625 0.8125
vt 0.125 0.9375
vt 0.125 1
vt 0.0625 1
vt 0.0625 0.9375
vt 0.125 0.9375
vt 0.125 1
vt 0.0625 1
vt 0.0625 0.9375
vt 0.125 0.8125
vt 0.125 1
vt 0.0625 1
vt 0.0625 0.8125
vt 0.125 0.8125
vt 0.125 1
vt 0.0625 1
vt 0.0625 0.8125
vt 0.1875 0.8125
vt 0.1875 1
vt 0.125 1
vt 0.125 0.8125
vt 0.1875 0.8125
vt 0.1875 1
vt 0.125 1
vt 0.125 0.8125
vt 0.125 0.875
vt 0.125 0.9375
vt 0.0625 0.9375
vt 0.0625 0.875
vt 0.125 0.875
vt 0.125 0.9375
vt 0.0625 0.9375
vt 0.0625 0.875
vt 0.1875 0.8125
vt 0.1875 1
vt 0.125 1
vt 0.125 0.8125
vt 0.1875 0.8125
vt 0.1875 1
vt 0.125 1
vt 0.125 0.8125
vt 0.1875 0.8125
vt 0.1875 1
vt 0.125 1
vt 0.125 0.8125
vt 0.1875 0.8125
vt 0.1875 1
vt 0.125 1
vt 0.125 0.8125
vt 0.125 0.875
vt 0.125 0.9375
vt 0.0625 0.9375
vt 0.0625 0.875
vt 0.125 0.875
vt 0.125 0.9375
vt 0.0625 0.9375
vt 0.0625 0.875
vt 0.1875 0.8125
vt 0.1875 1
vt 0.125 1
vt 0.125 0.8125
vt 0.1875 0.8125
vt 0.1875 1
vt 0.125 1
vt 0.125 0.8125
vt 0.1875 0
vt 0.1875 1
vt 0.125 1
vt 0.125 0
vt 0.1875 0
vt 0.1875 1
vt 0.125 1
vt 0.125 0
vt 0.125 0.875
vt 0.125 0.9375
vt 0.0625 0.9375
vt 0.0625 0.875
vt 0.125 0.875
vt 0.125 0.9375
vt 0.0625 0.9375
vt 0.0625 0.875
vt 0.1875 0
vt 0.1875 1
vt 0.125 1
vt 0.125 0
vt 0.1875 0
vt 0.1875 1
vt 0.125 1
vt 0.125 0
vt 0.1875 0
vt 0.1875 1
vt 0.125 1
vt 0.125 0
vt 0.1875 0
vt 0.1875 1
vt 0.125 1
vt 0.125 0
vt 0.125 0.875
vt 0.125 0.9375
vt 0.0625 0.9375
vt 0.0625 0.875
vt 0.125 0.875
vt 0.125 0.9375
vt 0.0625 0.9375
vt 0.0625 0.875
vt 0.1875 0
vt 0.1875 1
vt 0.125 1
vt 0.125 0
vt 0.1875 0
vt 0.1875 1
vt 0.125 1
vt 0.125 0
vt 0.1875 0.9375
vt 0.1875 1
vt 0.125 1
vt 0.125 0.9375
vt 0.1875 0.9375
vt 0.1875 1
vt 0.125 1
vt 0.125 0.9375
vt 0.8125 0.875
vt 0.8125 0.9375
vt 0.4375 0.9375
vt 0.4375 0.875
vt 0.8125 0.875
vt 0.8125 0.9375
vt 0.4375 0.9375
vt 0.4375 0.875
vt 0.9375 0.9375
vt 0.9375 1
vt 0.5625 1
vt 0.5625 0.9375
vt 0.9375 0.9375
vt 0.9375 1
vt 0.5625 1
vt 0.5625 0.9375
vt 0.1875 0.9375
vt 0.1875 1
vt 0.125 1
vt 0.125 0.9375
vt 0.1875 0.9375
vt 0.1875 1
vt 0.125 1
vt 0.125 0.9375
vt 0.8125 0.875
vt 0.8125 0.9375
vt 0.4375 0.9375
vt 0.4375 0.875
vt 0.8125 0.875
vt 0.8125 0.9375
vt 0.4375 0.9375
vt 0.4375 0.875
vt 0.9375 0.9375
vt 0.9375 1
vt 0.5625 1
vt 0.5625 0.9375
vt 0.9375 0.9375
vt 0.9375 1
vt 0.5625 1
vt 0.5625 0.9375
vt 0.004687500000000067 0.8125
vt 0.004687500000000067 1
vt 0.0031250000000000444 1
vt 0.0031250000000000444 0.8125
vt 0.004687500000000067 0.8125
vt 0.004687500000000067 1
vt 0.0031250000000000444 1
vt 0.0031250000000000444 0.8125
vt 0.625 0.996875
vt 0.625 0.9984375
vt 0.375 0.9984375
vt 0.375 0.996875
vt 0.625 0.996875
vt 0.625 0.9984375
vt 0.375 0.9984375
vt 0.375 0.996875
vt 0.875 0.8125
vt 0.875 1
vt 0.625 1
vt 0.625 0.8125
vt 0.875 0.8125
vt 0.875 1
vt 0.625 1
vt 0.625 0.8125
vt 0.1875 0.9375
vt 0.1875 1
vt 0.125 1
vt 0.125 0.9375
vt 0.1875 0.9375
vt 0.1875 1
vt 0.125 1
vt 0.125 0.9375
vt 0.8125 0.875
vt 0.8125 0.9375
vt 0.4375 0.9375
vt 0.4375 0.875
vt 0.8125 0.875
vt 0.8125 0.9375
vt 0.4375 0.9375
vt 0.4375 0.875
vt 0.9375 0.9375
vt 0.9375 1
vt 0.5625 1
vt 0.5625 0.9375
vt 0.9375 0.9375
vt 0.9375 1
vt 0.5625 1
vt 0.5625 0.9375
vt 0.3125 0
vt 0.3125 1
vt 0.25 1
vt 0.25 0
vt 0.3125 0
vt 0.3125 1
vt 0.25 1
vt 0.25 0
vt 0.125 0.8125
vt 0.125 0.875
vt 0.0625 0.875
vt 0.0625 0.8125
vt 0.125 0.8125
vt 0.125 0.875
vt 0.0625 0.875
vt 0.0625 0.8125
vt 0.1875 0
vt 0.1875 1
vt 0.125 1
vt 0.125 0
vt 0.1875 0
vt 0.1875 1
vt 0.125 1
vt 0.125 0
vn 1 0 0
vn -1 0 0
vn 0 1 0
vn 0 -1 0
vn 0 0 1
vn 0 0 -1
vn 1 0 0
vn -1 0 0
vn 0 1 0
vn 0 -1 0
vn 0 0 1
vn 0 0 -1
vn 1 0 0
vn -1 0 0
vn 0 1 0
vn 0 -1 0
vn 0 0 1
vn 0 0 -1
vn 0 0 -1
vn 0 0 1
vn 0 1 0
vn 0 -1 0
vn 1 0 2.220446049250313e-16
vn -1 0 -2.220446049250313e-16
vn 0 0 -1
vn 0 0 1
vn 0 1 0
vn 0 -1 0
vn 1 0 2.220446049250313e-16
vn -1 0 -2.220446049250313e-16
vn 0 0 -1
vn 0 0 1
vn 0 1 0
vn 0 -1 0
vn 1 0 2.220446049250313e-16
vn -1 0 -2.220446049250313e-16
vn 0 0 -1
vn 0 0 1
vn 0 1 0
vn 0 -1 0
vn 1 0 2.220446049250313e-16
vn -1 0 -2.220446049250313e-16
vn 0 0 -1
vn 0 0 1
vn 0 1 0
vn 0 -1 0
vn 1 0 2.220446049250313e-16
vn -1 0 -2.220446049250313e-16
vn 0 0 -1
vn 0 0 1
vn 0 1 0
vn 0 -1 0
vn 1 0 2.220446049250313e-16
vn -1 0 -2.220446049250313e-16
vn 0 0 -1
vn 0 0 1
vn 0 1 0
vn 0 -1 0
vn 1 0 2.220446049250313e-16
vn -1 0 -2.220446049250313e-16
vn 0 0 -1
vn 0 0 1
vn 0 1 0
vn 0 -1 0
vn 1 0 2.220446049250313e-16
vn -1 0 -2.220446049250313e-16
vn 0 0 -1
vn 0 0 1
vn 0 1 0
vn 0 -1 0
vn 1 0 2.220446049250313e-16
vn -1 0 -2.220446049250313e-16
usemtl m_cc4cbd32-c453-a4c6-e794-5e5fa231e7f1
f 596/1777/445 594/1778/445 593/1779/445
f 596/1777/445 593/1779/445 595/1780/445
f 599/1781/446 597/1782/446 598/1783/446
f 599/1781/446 598/1783/446 600/1784/446
f 593/1785/447 594/1786/447 598/1787/447
f 593/1785/447 598/1787/447 597/1788/447
f 596/1789/448 595/1790/448 599/1791/448
f 596/1789/448 599/1791/448 600/1792/448
usemtl m_95e20f84-55bb-7186-f91a-586499bd637e
f 595/1793/449 593/1794/449 597/1795/449
f 595/1793/449 597/1795/449 599/1796/449
usemtl m_cc4cbd32-c453-a4c6-e794-5e5fa231e7f1
f 600/1797/450 598/1798/450 594/1799/450
f 600/1797/450 594/1799/450 596/1800/450
f 604/1801/451 602/1802/451 601/1803/451
f 604/1801/451 601/1803/451 603/1804/451
f 607/1805/452 605/1806/452 606/1807/452
f 607/1805/452 606/1807/452 608/1808/452
f 601/1809/453 602/1810/453 606/1811/453
f 601/1809/453 606/1811/453 605/1812/453
f 604/1813/454 603/1814/454 607/1815/454
f 604/1813/454 607/1815/454 608/1816/454
f 603/1817/455 601/1818/455 605/1819/455
f 603/1817/455 605/1819/455 607/1820/455
f 608/1821/456 606/1822/456 602/1823/456
f 608/1821/456 602/1823/456 604/1824/456
f 612/1825/457 610/1826/457 609/1827/457
f 612/1825/457 609/1827/457 611/1828/457
f 615/1829/458 613/1830/458 614/1831/458
f 615/1829/458 614/1831/458 616/1832/458
f 609/1833/459 610/1834/459 614/1835/459
f 609/1833/459 614/1835/459 613/1836/459
f 612/1837/460 611/1838/460 615/1839/460
f 612/1837/460 615/1839/460 616/1840/460
usemtl m_f59e3bac-8fcc-890c-63e5-9d78c1a9e541
f 611/1841/461 609/1842/461 613/1843/461
f 611/1841/461 613/1843/461 615/1844/461
usemtl m_cc4cbd32-c453-a4c6-e794-5e5fa231e7f1
f 616/1845/462 614/1846/462 610/1847/462
f 616/1845/462 610/1847/462 612/1848/462
f 620/1849/463 618/1850/463 617/1851/463
f 620/1849/463 617/1851/463 619/1852/463
f 623/1853/464 621/1854/464 622/1855/464
f 623/1853/464 622/1855/464 624/1856/464
f 617/1857/465 618/1858/465 622/1859/465
f 617/1857/465 622/1859/465 621/1860/465
f 620/1861/466 619/1862/466 623/1863/466
f 620/1861/466 623/1863/466 624/1864/466
f 619/1865/467 617/1866/467 621/1867/467
f 619/1865/467 621/1867/467 623/1868/467
usemtl m_f59e3bac-8fcc-890c-63e5-9d78c1a9e541
f 624/1869/468 622/1870/468 618/1871/468
f 624/1869/468 618/1871/468 620/1872/468
usemtl m_cc4cbd32-c453-a4c6-e794-5e5fa231e7f1
f 628/1873/469 626/1874/469 625/1875/469
f 628/1873/469 625/1875/469 627/1876/469
f 631/1877/470 629/1878/470 630/1879/470
f 631/1877/470 630/1879/470 632/1880/470
f 625/1881/471 626/1882/471 630/1883/471
f 625/1881/471 630/1883/471 629/1884/471
f 628/1885/472 627/1886/472 631/1887/472
f 628/1885/472 631/1887/472 632/1888/472
f 627/1889/473 625/1890/473 629/1891/473
f 627/1889/473 629/1891/473 631/1892/473
usemtl m_f59e3bac-8fcc-890c-63e5-9d78c1a9e541
f 632/1893/474 630/1894/474 626/1895/474
f 632/1893/474 626/1895/474 628/1896/474
usemtl m_cc4cbd32-c453-a4c6-e794-5e5fa231e7f1
f 636/1897/475 634/1898/475 633/1899/475
f 636/1897/475 633/1899/475 635/1900/475
f 639/1901/476 637/1902/476 638/1903/476
f 639/1901/476 638/1903/476 640/1904/476
f 633/1905/477 634/1906/477 638/1907/477
f 633/1905/477 638/1907/477 637/1908/477
f 636/1909/478 635/1910/478 639/1911/478
f 636/1909/478 639/1911/478 640/1912/478
f 635/1913/479 633/1914/479 637/1915/479
f 635/1913/479 637/1915/479 639/1916/479
usemtl m_95e20f84-55bb-7186-f91a-586499bd637e
f 640/1917/480 638/1918/480 634/1919/480
f 640/1917/480 634/1919/480 636/1920/480
usemtl m_cc4cbd32-c453-a4c6-e794-5e5fa231e7f1
f 644/1921/481 642/1922/481 641/1923/481
f 644/1921/481 641/1923/481 643/1924/481
f 647/1925/482 645/1926/482 646/1927/482
f 647/1925/482 646/1927/482 648/1928/482
f 641/1929/483 642/1930/483 646/1931/483
f 641/1929/483 646/1931/483 645/1932/483
f 644/1933/484 643/1934/484 647/1935/484
f 644/1933/484 647/1935/484 648/1936/484
f 643/1937/485 641/1938/485 645/1939/485
f 643/1937/485 645/1939/485 647/1940/485
usemtl m_95e20f84-55bb-7186-f91a-586499bd637e
f 648/1941/486 646/1942/486 642/1943/486
f 648/1941/486 642/1943/486 644/1944/486
usemtl m_cc4cbd32-c453-a4c6-e794-5e5fa231e7f1
f 652/1945/487 650/1946/487 649/1947/487
f 652/1945/487 649/1947/487 651/1948/487
f 655/1949/488 653/1950/488 654/1951/488
f 655/1949/488 654/1951/488 656/1952/488
f 649/1953/489 650/1954/489 654/1955/489
f 649/1953/489 654/1955/489 653/1956/489
f 652/1957/490 651/1958/490 655/1959/490
f 652/1957/490 655/1959/490 656/1960/490
f 651/1961/491 649/1962/491 653/1963/491
f 651/1961/491 653/1963/491 655/1964/491
usemtl m_f59e3bac-8fcc-890c-63e5-9d78c1a9e541
f 656/1965/492 654/1966/492 650/1967/492
f 656/1965/492 650/1967/492 652/1968/492
usemtl m_cc4cbd32-c453-a4c6-e794-5e5fa231e7f1
f 660/1969/493 658/1970/493 657/1971/493
f 660/1969/493 657/1971/493 659/1972/493
f 663/1973/494 661/1974/494 662/1975/494
f 663/1973/494 662/1975/494 664/1976/494
f 657/1977/495 658/1978/495 662/1979/495
f 657/1977/495 662/1979/495 661/1980/495
f 660/1981/496 659/1982/496 663/1983/496
f 660/1981/496 663/1983/496 664/1984/496
f 659/1985/497 657/1986/497 661/1987/497
f 659/1985/497 661/1987/497 663/1988/497
usemtl m_95e20f84-55bb-7186-f91a-586499bd637e
f 664/1989/498 662/1990/498 658/1991/498
f 664/1989/498 658/1991/498 660/1992/498
usemtl m_cc4cbd32-c453-a4c6-e794-5e5fa231e7f1
f 668/1993/499 666/1994/499 665/1995/499
f 668/1993/499 665/1995/499 667/1996/499
f 671/1997/500 669/1998/500 670/1999/500
f 671/1997/500 670/1999/500 672/2000/500
f 665/2001/501 666/2002/501 670/2003/501
f 665/2001/501 670/2003/501 669/2004/501
f 668/2005/502 667/2006/502 671/2007/502
f 668/2005/502 671/2007/502 672/2008/502
f 667/2009/503 665/2010/503 669/2011/503
f 667/2009/503 669/2011/503 671/2012/503
usemtl m_f59e3bac-8fcc-890c-63e5-9d78c1a9e541
f 672/2013/504 670/2014/504 666/2015/504
f 672/2013/504 666/2015/504 668/2016/504
usemtl m_cc4cbd32-c453-a4c6-e794-5e5fa231e7f1
f 676/2017/505 674/2018/505 673/2019/505
f 676/2017/505 673/2019/505 675/2020/505
f 679/2021/506 677/2022/506 678/2023/506
f 679/2021/506 678/2023/506 680/2024/506
f 673/2025/507 674/2026/507 678/2027/507
f 673/2025/507 678/2027/507 677/2028/507
f 676/2029/508 675/2030/508 679/2031/508
f 676/2029/508 679/2031/508 680/2032/508
f 675/2033/509 673/2034/509 677/2035/509
f 675/2033/509 677/2035/509 679/2036/509
usemtl m_95e20f84-55bb-7186-f91a-586499bd637e
f 680/2037/510 678/2038/510 674/2039/510
f 680/2037/510 674/2039/510 676/2040/510
usemtl m_cc4cbd32-c453-a4c6-e794-5e5fa231e7f1
f 684/2041/511 682/2042/511 681/2043/511
f 684/2041/511 681/2043/511 683/2044/511
f 687/2045/512 685/2046/512 686/2047/512
f 687/2045/512 686/2047/512 688/2048/512
f 681/2049/513 682/2050/513 686/2051/513
f 681/2049/513 686/2051/513 685/2052/513
f 684/2053/514 683/2054/514 687/2055/514
f 684/2053/514 687/2055/514 688/2056/514
f 683/2057/515 681/2058/515 685/2059/515
f 683/2057/515 685/2059/515 687/2060/515
f 688/2061/516 686/2062/516 682/2063/516
f 688/2061/516 682/2063/516 684/2064/516
o g_rle
v 0.4375 1.9375 -0.25
v 0.4375 1.9375 -0.3125
v 0.4375 0.3125 -0.25
v 0.4375 0.3125 -0.3125
v 0.375 1.9375 -0.25
v 0.375 1.9375 -0.3125
v 0.375 0.3125 -0.25
v 0.375 0.3125 -0.3125
v 0.5 2 -0.1875
v 0.5 2 -0.375
v 0.5 0 -0.1875
v 0.5 0 -0.375
v 0.4375 2 -0.1875
v 0.4375 2 -0.375
v 0.4375 0 -0.1875
v 0.4375 0 -0.375
v 0.4375 0.25 -0.25
v 0.4375 0.25 -0.3125
v 0.4375 0.0625 -0.25
v 0.4375 0.0625 -0.3125
v 0.375 0.25 -0.25
v 0.375 0.25 -0.3125
v 0.375 0.0625 -0.25
v 0.375 0.0625 -0.3125
v 0.5 0.25 0.1875
v 0.4375 0.25 0.1875
v 0.5 0.0625 0.1875
v 0.4375 0.0625 0.1875
v 0.5 0.25 0.25
v 0.4375 0.25 0.25
v 0.5 0.0625 0.25
v 0.4375 0.0625 0.25
v 0.5 0.25 -0.1875
v 0.4375 0.25 -0.1875
v 0.5 0.0625 -0.1875
v 0.4375 0.0625 -0.1875
v 0.5 0.25 -0.125
v 0.4375 0.25 -0.125
v 0.5 0.0625 -0.125
v 0.4375 0.0625 -0.125
v 0.5 1.9375 -0.1875
v 0.4375 1.9375 -0.1875
v 0.5 0.3125 -0.1875
v 0.4375 0.3125 -0.1875
v 0.5 1.9375 -0.125
v 0.4375 1.9375 -0.125
v 0.5 0.3125 -0.125
v 0.4375 0.3125 -0.125
v 0.5 1.9375 0.1875
v 0.4375 1.9375 0.1875
v 0.5 0.3125 0.1875
v 0.4375 0.3125 0.1875
v 0.5 1.9375 0.25
v 0.4375 1.9375 0.25
v 0.5 0.3125 0.25
v 0.4375 0.3125 0.25
v 0.5000000000000001 0.0625 -0.1875
v 0.4375000000000001 0.0625 -0.1875
v 0.5000000000000001 0 -0.1875
v 0.4375000000000001 0 -0.1875
v 0.5 0.0625 0.25
v 0.4375 0.0625 0.25
v 0.5 0 0.25
v 0.4375 0 0.25
v 0.5000000000000001 0.3125 -0.1875
v 0.4375000000000001 0.3125 -0.1875
v 0.5000000000000001 0.25 -0.1875
v 0.4375000000000001 0.25 -0.1875
v 0.5 0.3125 0.25
v 0.4375 0.3125 0.25
v 0.5 0.25 0.25
v 0.4375 0.25 0.25
v 0.43906250000000013 0.25 -0.125
v 0.4375000000000001 0.25 -0.125
v 0.43906250000000013 0.0625 -0.125
v 0.4375000000000001 0.0625 -0.125
v 0.4390625 0.25 0.1875
v 0.4375 0.25 0.1875
v 0.4390625 0.0625 0.1875
v 0.4375 0.0625 0.1875
v 0.5000000000000001 2 -0.1875
v 0.4375000000000001 2 -0.1875
v 0.5000000000000001 1.9375 -0.1875
v 0.4375000000000001 1.9375 -0.1875
v 0.5 2 0.25
v 0.4375 2 0.25
v 0.5 1.9375 0.25
v 0.4375 1.9375 0.25
v 0.5 2 0.25
v 0.4375 2 0.25
v 0.5 0 0.25
v 0.4375 0 0.25
v 0.5 2 0.3125
v 0.4375 2 0.3125
v 0.5 0 0.3125
v 0.4375 0 0.3125
v 0.4375 0.0625 -0.25
v 0.4375 0.0625 -0.3125
v 0.4375 0 -0.25
v 0.4375 0 -0.3125
v 0 0.0625 -0.25
v 0 0.0625 -0.3125
v 0 0 -0.25
v 0 0 -0.3125
v 0.375 0.25 -0.25
v 0.375 0.25 -0.2515625
v 0.375 0.0625 -0.25
v 0.375 0.0625 -0.2515625
v 0 0.25 -0.25
v 0 0.25 -0.2515625
v 0 0.0625 -0.25
v 0 0.0625 -0.2515625
v 0.4375 0.3125 -0.25
v 0.4375 0.3125 -0.3125
v 0.4375 0.25 -0.25
v 0.4375 0.25 -0.3125
v 0 0.3125 -0.25
v 0 0.3125 -0.3125
v 0 0.25 -0.25
v 0 0.25 -0.3125
v 0.4375 2 -0.25
v 0.4375 2 -0.3125
v 0.4375 1.9375 -0.25
v 0.4375 1.9375 -0.3125
v 0 2 -0.25
v 0 2 -0.3125
v 0 1.9375 -0.25
v 0 1.9375 -0.3125
vt 0.125 0
vt 0.125 1
vt 0.0625 1
vt 0.0625 0
vt 0.125 0
vt 0.125 1
vt 0.0625 1
vt 0.0625 0
vt 0.125 0.9375
vt 0.125 1
vt 0.0625 1
vt 0.0625 0.9375
vt 0.125 0.9375
vt 0.125 1
vt 0.0625 1
vt 0.0625 0.9375
vt 0.125 0
vt 0.125 1
vt 0.0625 1
vt 0.0625 0
vt 0.125 0
vt 0.125 1
vt 0.0625 1
vt 0.0625 0
vt 0.3125 0
vt 0.3125 1
vt 0.125 1
vt 0.125 0
vt 0.3125 0
vt 0.3125 1
vt 0.125 1
vt 0.125 0
vt 0.125 0.8125
vt 0.125 1
vt 0.0625 1
vt 0.0625 0.8125
vt 0.125 0.8125
vt 0.125 1
vt 0.0625 1
vt 0.0625 0.8125
vt 0.125 0
vt 0.125 1
vt 0.0625 1
vt 0.0625 0
vt 0.125 0
vt 0.125 1
vt 0.0625 1
vt 0.0625 0
vt 0.125 0.8125
vt 0.125 1
vt 0.0625 1
vt 0.0625 0.8125
vt 0.125 0.8125
vt 0.125 1
vt 0.0625 1
vt 0.0625 0.8125
vt 0.125 0.9375
vt 0.125 1
vt 0.0625 1
vt 0.0625 0.9375
vt 0.125 0.9375
vt 0.125 1
vt 0.0625 1
vt 0.0625 0.9375
vt 0.125 0.8125
vt 0.125 1
vt 0.0625 1
vt 0.0625 0.8125
vt 0.125 0.8125
vt 0.125 1
vt 0.0625 1
vt 0.0625 0.8125
vt 0.1875 0.8125
vt 0.1875 1
vt 0.125 1
vt 0.125 0.8125
vt 0.1875 0.8125
vt 0.1875 1
vt 0.125 1
vt 0.125 0.8125
vt 0.125 0.875
vt 0.125 0.9375
vt 0.0625 0.9375
vt 0.0625 0.875
vt 0.125 0.875
vt 0.125 0.9375
vt 0.0625 0.9375
vt 0.0625 0.875
vt 0.1875 0.8125
vt 0.1875 1
vt 0.125 1
vt 0.125 0.8125
vt 0.1875 0.8125
vt 0.1875 1
vt 0.125 1
vt 0.125 0.8125
vt 0.1875 0.8125
vt 0.1875 1
vt 0.125 1
vt 0.125 0.8125
vt 0.1875 0.8125
vt 0.1875 1
vt 0.125 1
vt 0.125 0.8125
vt 0.125 0.875
vt 0.125 0.9375
vt 0.0625 0.9375
vt 0.0625 0.875
vt 0.125 0.875
vt 0.125 0.9375
vt 0.0625 0.9375
vt 0.0625 0.875
vt 0.1875 0.8125
vt 0.1875 1
vt 0.125 1
vt 0.125 0.8125
vt 0.1875 0.8125
vt 0.1875 1
vt 0.125 1
vt 0.125 0.8125
vt 0.1875 0
vt 0.1875 1
vt 0.125 1
vt 0.125 0
vt 0.1875 0
vt 0.1875 1
vt 0.125 1
vt 0.125 0
vt 0.125 0.875
vt 0.125 0.9375
vt 0.0625 0.9375
vt 0.0625 0.875
vt 0.125 0.875
vt 0.125 0.9375
vt 0.0625 0.9375
vt 0.0625 0.875
vt 0.1875 0
vt 0.1875 1
vt 0.125 1
vt 0.125 0
vt 0.1875 0
vt 0.1875 1
vt 0.125 1
vt 0.125 0
vt 0.1875 0
vt 0.1875 1
vt 0.125 1
vt 0.125 0
vt 0.1875 0
vt 0.1875 1
vt 0.125 1
vt 0.125 0
vt 0.125 0.875
vt 0.125 0.9375
vt 0.0625 0.9375
vt 0.0625 0.875
vt 0.125 0.875
vt 0.125 0.9375
vt 0.0625 0.9375
vt 0.0625 0.875
vt 0.1875 0
vt 0.1875 1
vt 0.125 1
vt 0.125 0
vt 0.1875 0
vt 0.1875 1
vt 0.125 1
vt 0.125 0
vt 0.1875 0.9375
vt 0.1875 1
vt 0.125 1
vt 0.125 0.9375
vt 0.1875 0.9375
vt 0.1875 1
vt 0.125 1
vt 0.125 0.9375
vt 0.875 0.875
vt 0.875 0.9375
vt 0.4375 0.9375
vt 0.4375 0.875
vt 0.875 0.875
vt 0.875 0.9375
vt 0.4375 0.9375
vt 0.4375 0.875
vt 1 0.9375
vt 1 1
vt 0.5625 1
vt 0.5625 0.9375
vt 1 0.9375
vt 1 1
vt 0.5625 1
vt 0.5625 0.9375
vt 0.1875 0.9375
vt 0.1875 1
vt 0.125 1
vt 0.125 0.9375
vt 0.1875 0.9375
vt 0.1875 1
vt 0.125 1
vt 0.125 0.9375
vt 0.875 0.875
vt 0.875 0.9375
vt 0.4375 0.9375
vt 0.4375 0.875
vt 0.875 0.875
vt 0.875 0.9375
vt 0.4375 0.9375
vt 0.4375 0.875
vt 1 0.9375
vt 1 1
vt 0.5625 1
vt 0.5625 0.9375
vt 1 0.9375
vt 1 1
vt 0.5625 1
vt 0.5625 0.9375
vt 0.004687500000000067 0.8125
vt 0.004687500000000067 1
vt 0.0031250000000000444 1
vt 0.0031250000000000444 0.8125
vt 0.004687500000000067 0.8125
vt 0.004687500000000067 1
vt 0.0031250000000000444 1
vt 0.0031250000000000444 0.8125
vt 0.6875 0.996875
vt 0.6875 0.9984375
vt 0.375 0.9984375
vt 0.375 0.996875
vt 0.6875 0.996875
vt 0.6875 0.9984375
vt 0.375 0.9984375
vt 0.375 0.996875
vt 0.9375 0.8125
vt 0.9375 1
vt 0.625 1
vt 0.625 0.8125
vt 0.9375 0.8125
vt 0.9375 1
vt 0.625 1
vt 0.625 0.8125
vt 0.1875 0.9375
vt 0.1875 1
vt 0.125 1
vt 0.125 0.9375
vt 0.1875 0.9375
vt 0.1875 1
vt 0.125 1
vt 0.125 0.9375
vt 0.875 0.875
vt 0.875 0.9375
vt 0.4375 0.9375
vt 0.4375 0.875
vt 0.875 0.875
vt 0.875 0.9375
vt 0.4375 0.9375
vt 0.4375 0.875
vt 1 0.9375
vt 1 1
vt 0.5625 1
vt 0.5625 0.9375
vt 1 0.9375
vt 1 1
vt 0.5625 1
vt 0.5625 0.9375
vt 0.3125 0
vt 0.3125 1
vt 0.25 1
vt 0.25 0
vt 0.3125 0
vt 0.3125 1
vt 0.25 1
vt 0.25 0
vt 0.125 0.8125
vt 0.125 0.875
vt 0.0625 0.875
vt 0.0625 0.8125
vt 0.125 0.8125
vt 0.125 0.875
vt 0.0625 0.875
vt 0.0625 0.8125
vt 0.1875 0
vt 0.1875 1
vt 0.125 1
vt 0.125 0
vt 0.1875 0
vt 0.1875 1
vt 0.125 1
vt 0.125 0
vt 0.125 0.9375
vt 0.125 1
vt 0.0625 1
vt 0.0625 0.9375
vt 0.125 0.9375
vt 0.125 1
vt 0.0625 1
vt 0.0625 0.9375
vt 0.875 0.9375
vt 0.875 1
vt 0.4375 1
vt 0.4375 0.9375
vt 0.875 0.9375
vt 0.875 1
vt 0.4375 1
vt 0.4375 0.9375
vt 0.875 0.9375
vt 0.875 1
vt 0.4375 1
vt 0.4375 0.9375
vt 0.875 0.9375
vt 0.875 1
vt 0.4375 1
vt 0.4375 0.9375
vt 0.0031250000000000444 0.8125
vt 0.0031250000000000444 1
vt 0.0015625000000000222 1
vt 0.0015625000000000222 0.8125
vt 0.0031250000000000444 0.8125
vt 0.0031250000000000444 1
vt 0.0015625000000000222 1
vt 0.0015625000000000222 0.8125
vt 0.75 0.9984375
vt 0.75 1
vt 0.375 1
vt 0.375 0.9984375
vt 0.75 0.9984375
vt 0.75 1
vt 0.375 1
vt 0.375 0.9984375
vt 0.75 0.8125
vt 0.75 1
vt 0.375 1
vt 0.375 0.8125
vt 0.75 0.8125
vt 0.75 1
vt 0.375 1
vt 0.375 0.8125
vt 0.125 0.9375
vt 0.125 1
vt 0.0625 1
vt 0.0625 0.9375
vt 0.125 0.9375
vt 0.125 1
vt 0.0625 1
vt 0.0625 0.9375
vt 0.875 0.9375
vt 0.875 1
vt 0.4375 1
vt 0.4375 0.9375
vt 0.875 0.9375
vt 0.875 1
vt 0.4375 1
vt 0.4375 0.9375
vt 0.875 0.9375
vt 0.875 1
vt 0.4375 1
vt 0.4375 0.9375
vt 0.875 0.9375
vt 0.875 1
vt 0.4375 1
vt 0.4375 0.9375
vt 0.125 0.9375
vt 0.125 1
vt 0.0625 1
vt 0.0625 0.9375
vt 0.125 0.9375
vt 0.125 1
vt 0.0625 1
vt 0.0625 0.9375
vt 0.875 0.9375
vt 0.875 1
vt 0.4375 1
vt 0.4375 0.9375
vt 0.875 0.9375
vt 0.875 1
vt 0.4375 1
vt 0.4375 0.9375
vt 0.875 0.9375
vt 0.875 1
vt 0.4375 1
vt 0.4375 0.9375
vt 0.875 0.9375
vt 0.875 1
vt 0.4375 1
vt 0.4375 0.9375
vn 1 0 0
vn -1 0 0
vn 0 1 0
vn 0 -1 0
vn 0 0 1
vn 0 0 -1
vn 1 0 0
vn -1 0 0
vn 0 1 0
vn 0 -1 0
vn 0 0 1
vn 0 0 -1
vn 1 0 0
vn -1 0 0
vn 0 1 0
vn 0 -1 0
vn 0 0 1
vn 0 0 -1
vn 0 0 -1
vn 0 0 1
vn 0 1 0
vn 0 -1 0
vn 1 0 0
vn -1 0 0
vn 0 0 -1
vn 0 0 1
vn 0 1 0
vn 0 -1 0
vn 1 0 0
vn -1 0 0
vn 0 0 -1
vn 0 0 1
vn 0 1 0
vn 0 -1 0
vn 1 0 0
vn -1 0 0
vn 0 0 -1
vn 0 0 1
vn 0 1 0
vn 0 -1 0
vn 1 0 0
vn -1 0 0
vn 0 0 -1
vn 0 0 1
vn 0 1 0
vn 0 -1 0
vn 1 0 2.5376526277146434e-16
vn -1 0 -2.5376526277146434e-16
vn 0 0 -1
vn 0 0 1
vn 0 1 0
vn 0 -1 0
vn 1 0 2.5376526277146434e-16
vn -1 0 -2.5376526277146434e-16
vn 0 0 -1
vn 0 0 1
vn 0 1 0
vn 0 -1 0
vn 1 0 3.552713678800501e-16
vn -1 0 -3.552713678800501e-16
vn 0 0 -1
vn 0 0 1
vn 0 1 0
vn 0 -1 0
vn 1 0 2.5376526277146434e-16
vn -1 0 -2.5376526277146434e-16
vn 0 0 -1
vn 0 0 1
vn 0 1 0
vn 0 -1 0
vn 1 0 0
vn -1 0 0
vn 1 0 0
vn -1 0 0
vn 0 1 0
vn 0 -1 0
vn 0 0 1
vn 0 0 -1
vn 1 0 0
vn -1 0 0
vn 0 1 0
vn 0 -1 0
vn 0 0 1
vn 0 0 -1
vn 1 0 0
vn -1 0 0
vn 0 1 0
vn 0 -1 0
vn 0 0 1
vn 0 0 -1
vn 1 0 0
vn -1 0 0
vn 0 1 0
vn 0 -1 0
vn 0 0 1
vn 0 0 -1
usemtl m_cc4cbd32-c453-a4c6-e794-5e5fa231e7f1
f 692/2065/517 690/2066/517 689/2067/517
f 692/2065/517 689/2067/517 691/2068/517
f 695/2069/518 693/2070/518 694/2071/518
f 695/2069/518 694/2071/518 696/2072/518
f 689/2073/519 690/2074/519 694/2075/519
f 689/2073/519 694/2075/519 693/2076/519
f 692/2077/520 691/2078/520 695/2079/520
f 692/2077/520 695/2079/520 696/2080/520
usemtl m_95e20f84-55bb-7186-f91a-586499bd637e
f 691/2081/521 689/2082/521 693/2083/521
f 691/2081/521 693/2083/521 695/2084/521
usemtl m_cc4cbd32-c453-a4c6-e794-5e5fa231e7f1
f 696/2085/522 694/2086/522 690/2087/522
f 696/2085/522 690/2087/522 692/2088/522
f 700/2089/523 698/2090/523 697/2091/523
f 700/2089/523 697/2091/523 699/2092/523
f 703/2093/524 701/2094/524 702/2095/524
f 703/2093/524 702/2095/524 704/2096/524
f 697/2097/525 698/2098/525 702/2099/525
f 697/2097/525 702/2099/525 701/2100/525
f 700/2101/526 699/2102/526 703/2103/526
f 700/2101/526 703/2103/526 704/2104/526
f 699/2105/527 697/2106/527 701/2107/527
f 699/2105/527 701/2107/527 703/2108/527
f 704/2109/528 702/2110/528 698/2111/528
f 704/2109/528 698/2111/528 700/2112/528
f 708/2113/529 706/2114/529 705/2115/529
f 708/2113/529 705/2115/529 707/2116/529
f 711/2117/530 709/2118/530 710/2119/530
f 711/2117/530 710/2119/530 712/2120/530
f 705/2121/531 706/2122/531 710/2123/531
f 705/2121/531 710/2123/531 709/2124/531
f 708/2125/532 707/2126/532 711/2127/532
f 708/2125/532 711/2127/532 712/2128/532
usemtl m_f59e3bac-8fcc-890c-63e5-9d78c1a9e541
f 707/2129/533 705/2130/533 709/2131/533
f 707/2129/533 709/2131/533 711/2132/533
usemtl m_cc4cbd32-c453-a4c6-e794-5e5fa231e7f1
f 712/2133/534 710/2134/534 706/2135/534
f 712/2133/534 706/2135/534 708/2136/534
f 716/2137/535 714/2138/535 713/2139/535
f 716/2137/535 713/2139/535 715/2140/535
f 719/2141/536 717/2142/536 718/2143/536
f 719/2141/536 718/2143/536 720/2144/536
f 713/2145/537 714/2146/537 718/2147/537
f 713/2145/537 718/2147/537 717/2148/537
f 716/2149/538 715/2150/538 719/2151/538
f 716/2149/538 719/2151/538 720/2152/538
f 715/2153/539 713/2154/539 717/2155/539
f 715/2153/539 717/2155/539 719/2156/539
usemtl m_f59e3bac-8fcc-890c-63e5-9d78c1a9e541
f 720/2157/540 718/2158/540 714/2159/540
f 720/2157/540 714/2159/540 716/2160/540
usemtl m_cc4cbd32-c453-a4c6-e794-5e5fa231e7f1
f 724/2161/541 722/2162/541 721/2163/541
f 724/2161/541 721/2163/541 723/2164/541
f 727/2165/542 725/2166/542 726/2167/542
f 727/2165/542 726/2167/542 728/2168/542
f 721/2169/543 722/2170/543 726/2171/543
f 721/2169/543 726/2171/543 725/2172/543
f 724/2173/544 723/2174/544 727/2175/544
f 724/2173/544 727/2175/544 728/2176/544
f 723/2177/545 721/2178/545 725/2179/545
f 723/2177/545 725/2179/545 727/2180/545
usemtl m_f59e3bac-8fcc-890c-63e5-9d78c1a9e541
f 728/2181/546 726/2182/546 722/2183/546
f 728/2181/546 722/2183/546 724/2184/546
usemtl m_cc4cbd32-c453-a4c6-e794-5e5fa231e7f1
f 732/2185/547 730/2186/547 729/2187/547
f 732/2185/547 729/2187/547 731/2188/547
f 735/2189/548 733/2190/548 734/2191/548
f 735/2189/548 734/2191/548 736/2192/548
f 729/2193/549 730/2194/549 734/2195/549
f 729/2193/549 734/2195/549 733/2196/549
f 732/2197/550 731/2198/550 735/2199/550
f 732/2197/550 735/2199/550 736/2200/550
f 731/2201/551 729/2202/551 733/2203/551
f 731/2201/551 733/2203/551 735/2204/551
usemtl m_95e20f84-55bb-7186-f91a-586499bd637e
f 736/2205/552 734/2206/552 730/2207/552
f 736/2205/552 730/2207/552 732/2208/552
usemtl m_cc4cbd32-c453-a4c6-e794-5e5fa231e7f1
f 740/2209/553 738/2210/553 737/2211/553
f 740/2209/553 737/2211/553 739/2212/553
f 743/2213/554 741/2214/554 742/2215/554
f 743/2213/554 742/2215/554 744/2216/554
f 737/2217/555 738/2218/555 742/2219/555
f 737/2217/555 742/2219/555 741/2220/555
f 740/2221/556 739/2222/556 743/2223/556
f 740/2221/556 743/2223/556 744/2224/556
f 739/2225/557 737/2226/557 741/2227/557
f 739/2225/557 741/2227/557 743/2228/557
usemtl m_95e20f84-55bb-7186-f91a-586499bd637e
f 744/2229/558 742/2230/558 738/2231/558
f 744/2229/558 738/2231/558 740/2232/558
usemtl m_cc4cbd32-c453-a4c6-e794-5e5fa231e7f1
f 748/2233/559 746/2234/559 745/2235/559
f 748/2233/559 745/2235/559 747/2236/559
f 751/2237/560 749/2238/560 750/2239/560
f 751/2237/560 750/2239/560 752/2240/560
f 745/2241/561 746/2242/561 750/2243/561
f 745/2241/561 750/2243/561 749/2244/561
f 748/2245/562 747/2246/562 751/2247/562
f 748/2245/562 751/2247/562 752/2248/562
f 747/2249/563 745/2250/563 749/2251/563
f 747/2249/563 749/2251/563 751/2252/563
usemtl m_f59e3bac-8fcc-890c-63e5-9d78c1a9e541
f 752/2253/564 750/2254/564 746/2255/564
f 752/2253/564 746/2255/564 748/2256/564
usemtl m_cc4cbd32-c453-a4c6-e794-5e5fa231e7f1
f 756/2257/565 754/2258/565 753/2259/565
f 756/2257/565 753/2259/565 755/2260/565
f 759/2261/566 757/2262/566 758/2263/566
f 759/2261/566 758/2263/566 760/2264/566
f 753/2265/567 754/2266/567 758/2267/567
f 753/2265/567 758/2267/567 757/2268/567
f 756/2269/568 755/2270/568 759/2271/568
f 756/2269/568 759/2271/568 760/2272/568
f 755/2273/569 753/2274/569 757/2275/569
f 755/2273/569 757/2275/569 759/2276/569
usemtl m_95e20f84-55bb-7186-f91a-586499bd637e
f 760/2277/570 758/2278/570 754/2279/570
f 760/2277/570 754/2279/570 756/2280/570
usemtl m_cc4cbd32-c453-a4c6-e794-5e5fa231e7f1
f 764/2281/571 762/2282/571 761/2283/571
f 764/2281/571 761/2283/571 763/2284/571
f 767/2285/572 765/2286/572 766/2287/572
f 767/2285/572 766/2287/572 768/2288/572
f 761/2289/573 762/2290/573 766/2291/573
f 761/2289/573 766/2291/573 765/2292/573
f 764/2293/574 763/2294/574 767/2295/574
f 764/2293/574 767/2295/574 768/2296/574
f 763/2297/575 761/2298/575 765/2299/575
f 763/2297/575 765/2299/575 767/2300/575
usemtl m_f59e3bac-8fcc-890c-63e5-9d78c1a9e541
f 768/2301/576 766/2302/576 762/2303/576
f 768/2301/576 762/2303/576 764/2304/576
usemtl m_cc4cbd32-c453-a4c6-e794-5e5fa231e7f1
f 772/2305/577 770/2306/577 769/2307/577
f 772/2305/577 769/2307/577 771/2308/577
f 775/2309/578 773/2310/578 774/2311/578
f 775/2309/578 774/2311/578 776/2312/578
f 769/2313/579 770/2314/579 774/2315/579
f 769/2313/579 774/2315/579 773/2316/579
f 772/2317/580 771/2318/580 775/2319/580
f 772/2317/580 775/2319/580 776/2320/580
f 771/2321/581 769/2322/581 773/2323/581
f 771/2321/581 773/2323/581 775/2324/581
usemtl m_95e20f84-55bb-7186-f91a-586499bd637e
f 776/2325/582 774/2326/582 770/2327/582
f 776/2325/582 770/2327/582 772/2328/582
usemtl m_cc4cbd32-c453-a4c6-e794-5e5fa231e7f1
f 780/2329/583 778/2330/583 777/2331/583
f 780/2329/583 777/2331/583 779/2332/583
f 783/2333/584 781/2334/584 782/2335/584
f 783/2333/584 782/2335/584 784/2336/584
f 777/2337/585 778/2338/585 782/2339/585
f 777/2337/585 782/2339/585 781/2340/585
f 780/2341/586 779/2342/586 783/2343/586
f 780/2341/586 783/2343/586 784/2344/586
f 779/2345/587 777/2346/587 781/2347/587
f 779/2345/587 781/2347/587 783/2348/587
f 784/2349/588 782/2350/588 778/2351/588
f 784/2349/588 778/2351/588 780/2352/588
f 788/2353/589 786/2354/589 785/2355/589
f 788/2353/589 785/2355/589 787/2356/589
f 791/2357/590 789/2358/590 790/2359/590
f 791/2357/590 790/2359/590 792/2360/590
f 785/2361/591 786/2362/591 790/2363/591
f 785/2361/591 790/2363/591 789/2364/591
f 788/2365/592 787/2366/592 791/2367/592
f 788/2365/592 791/2367/592 792/2368/592
usemtl m_f59e3bac-8fcc-890c-63e5-9d78c1a9e541
f 787/2369/593 785/2370/593 789/2371/593
f 787/2369/593 789/2371/593 791/2372/593
usemtl m_cc4cbd32-c453-a4c6-e794-5e5fa231e7f1
f 792/2373/594 790/2374/594 786/2375/594
f 792/2373/594 786/2375/594 788/2376/594
f 796/2377/595 794/2378/595 793/2379/595
f 796/2377/595 793/2379/595 795/2380/595
f 799/2381/596 797/2382/596 798/2383/596
f 799/2381/596 798/2383/596 800/2384/596
f 793/2385/597 794/2386/597 798/2387/597
f 793/2385/597 798/2387/597 797/2388/597
f 796/2389/598 795/2390/598 799/2391/598
f 796/2389/598 799/2391/598 800/2392/598
usemtl m_f59e3bac-8fcc-890c-63e5-9d78c1a9e541
f 795/2393/599 793/2394/599 797/2395/599
f 795/2393/599 797/2395/599 799/2396/599
usemtl m_cc4cbd32-c453-a4c6-e794-5e5fa231e7f1
f 800/2397/600 798/2398/600 794/2399/600
f 800/2397/600 794/2399/600 796/2400/600
f 804/2401/601 802/2402/601 801/2403/601
f 804/2401/601 801/2403/601 803/2404/601
f 807/2405/602 805/2406/602 806/2407/602
f 807/2405/602 806/2407/602 808/2408/602
f 801/2409/603 802/2410/603 806/2411/603
f 801/2409/603 806/2411/603 805/2412/603
f 804/2413/604 803/2414/604 807/2415/604
f 804/2413/604 807/2415/604 808/2416/604
usemtl m_95e20f84-55bb-7186-f91a-586499bd637e
f 803/2417/605 801/2418/605 805/2419/605
f 803/2417/605 805/2419/605 807/2420/605
usemtl m_cc4cbd32-c453-a4c6-e794-5e5fa231e7f1
f 808/2421/606 806/2422/606 802/2423/606
f 808/2421/606 802/2423/606 804/2424/606
f 812/2425/607 810/2426/607 809/2427/607
f 812/2425/607 809/2427/607 811/2428/607
f 815/2429/608 813/2430/608 814/2431/608
f 815/2429/608 814/2431/608 816/2432/608
f 809/2433/609 810/2434/609 814/2435/609
f 809/2433/609 814/2435/609 813/2436/609
f 812/2437/610 811/2438/610 815/2439/610
f 812/2437/610 815/2439/610 816/2440/610
usemtl m_95e20f84-55bb-7186-f91a-586499bd637e
f 811/2441/611 809/2442/611 813/2443/611
f 811/2441/611 813/2443/611 815/2444/611
usemtl m_cc4cbd32-c453-a4c6-e794-5e5fa231e7f1
f 816/2445/612 814/2446/612 810/2447/612
f 816/2445/612 810/2447/612 812/2448/612
o g_lse
v 0.125 1.9375 -0.1875
v 0.125 1.9375 -0.25
v 0.125 0.3125 -0.1875
v 0.125 0.3125 -0.25
v 0.0625 1.9375 -0.1875
v 0.0625 1.9375 -0.25
v 0.0625 0.3125 -0.1875
v 0.0625 0.3125 -0.25
v 0.0625 2 -0.125
v 0.0625 2 -0.3125
v 0.0625 0 -0.125
v 0.0625 0 -0.3125
v 0 2 -0.125
v 0 2 -0.3125
v 0 0 -0.125
v 0 0 -0.3125
v 0.125 0.25 -0.1875
v 0.125 0.25 -0.25
v 0.125 0.0625 -0.1875
v 0.125 0.0625 -0.25
v 0.0625 0.25 -0.1875
v 0.0625 0.25 -0.25
v 0.0625 0.0625 -0.1875
v 0.0625 0.0625 -0.25
v 1.3877787807814457e-17 0.25 0.25
v 0.06250000000000001 0.25 0.25
v 1.3877787807814457e-17 0.0625 0.25
v 0.06250000000000001 0.0625 0.25
v 0 0.25 0.1875
v 0.0625 0.25 0.1875
v 0 0.0625 0.1875
v 0.0625 0.0625 0.1875
v 1.3877787807814457e-17 0.25 -0.0625
v 0.06250000000000001 0.25 -0.0625
v 1.3877787807814457e-17 0.0625 -0.0625
v 0.06250000000000001 0.0625 -0.0625
v 0 0.25 -0.125
v 0.0625 0.25 -0.125
v 0 0.0625 -0.125
v 0.0625 0.0625 -0.125
v 1.3877787807814457e-17 1.9375 -0.0625
v 0.06250000000000001 1.9375 -0.0625
v 1.3877787807814457e-17 0.3125 -0.0625
v 0.06250000000000001 0.3125 -0.0625
v 0 1.9375 -0.125
v 0.0625 1.9375 -0.125
v 0 0.3125 -0.125
v 0.0625 0.3125 -0.125
v 1.3877787807814457e-17 1.9375 0.25
v 0.06250000000000001 1.9375 0.25
v 1.3877787807814457e-17 0.3125 0.25
v 0.06250000000000001 0.3125 0.25
v 0 1.9375 0.1875
v 0.0625 1.9375 0.1875
v 0 0.3125 0.1875
v 0.0625 0.3125 0.1875
v 0 0.0625 0.25
v 0.0625 0.0625 0.25
v 0 0 0.25
v 0.0625 0 0.25
v -8.326672684688674e-17 0.0625 -0.125
v 0.06249999999999992 0.0625 -0.125
v -8.326672684688674e-17 0 -0.125
v 0.06249999999999992 0 -0.125
v 0 0.3125 0.25
v 0.0625 0.3125 0.25
v 0 0.25 0.25
v 0.0625 0.25 0.25
v -8.326672684688674e-17 0.3125 -0.125
v 0.06249999999999992 0.3125 -0.125
v -8.326672684688674e-17 0.25 -0.125
v 0.06249999999999992 0.25 -0.125
v 0.060937499999999964 0.25 0.1875
v 0.062499999999999986 0.25 0.1875
v 0.060937499999999964 0.0625 0.1875
v 0.062499999999999986 0.0625 0.1875
v 0.06093749999999991 0.25 -0.0625
v 0.06249999999999993 0.25 -0.0625
v 0.06093749999999991 0.0625 -0.0625
v 0.06249999999999993 0.0625 -0.0625
v 0 2 0.25
v 0.0625 2 0.25
v 0 1.9375 0.25
v 0.0625 1.9375 0.25
v -8.326672684688674e-17 2 -0.125
v 0.06249999999999992 2 -0.125
v -8.326672684688674e-17 1.9375 -0.125
v 0.06249999999999992 1.9375 -0.125
v 1.3877787807814457e-17 2 0.3125
v 0.06250000000000001 2 0.3125
v 1.3877787807814457e-17 0 0.3125
v 0.06250000000000001 0 0.3125
v 0 2 0.25
v 0.0625 2 0.25
v 0 0 0.25
v 0.0625 0 0.25
vt 0.0625 0
vt 0.0625 1
vt 0.125 1
vt 0.125 0
vt 0.0625 0
vt 0.0625 1
vt 0.125 1
vt 0.125 0
vt 0.0625 0.9375
vt 0.0625 1
vt 0.125 1
vt 0.125 0.9375
vt 0.0625 0.9375
vt 0.0625 1
vt 0.125 1
vt 0.125 0.9375
vt 0.0625 0
vt 0.0625 1
vt 0.125 1
vt 0.125 0
vt 0.0625 0
vt 0.0625 1
vt 0.125 1
vt 0.125 0
vt 0.125 0
vt 0.125 1
vt 0.3125 1
vt 0.3125 0
vt 0.125 0
vt 0.125 1
vt 0.3125 1
vt 0.3125 0
vt 0.0625 0.8125
vt 0.0625 1
vt 0.125 1
vt 0.125 0.8125
vt 0.0625 0.8125
vt 0.0625 1
vt 0.125 1
vt 0.125 0.8125
vt 0.0625 0
vt 0.0625 1
vt 0.125 1
vt 0.125 0
vt 0.0625 0
vt 0.0625 1
vt 0.125 1
vt 0.125 0
vt 0.0625 0.8125
vt 0.0625 1
vt 0.125 1
vt 0.125 0.8125
vt 0.0625 0.8125
vt 0.0625 1
vt 0.125 1
vt 0.125 0.8125
vt 0.0625 0.9375
vt 0.0625 1
vt 0.125 1
vt 0.125 0.9375
vt 0.0625 0.9375
vt 0.0625 1
vt 0.125 1
vt 0.125 0.9375
vt 0.0625 0.8125
vt 0.0625 1
vt 0.125 1
vt 0.125 0.8125
vt 0.0625 0.8125
vt 0.0625 1
vt 0.125 1
vt 0.125 0.8125
vt 0.125 0.8125
vt 0.125 1
vt 0.1875 1
vt 0.1875 0.8125
vt 0.125 0.8125
vt 0.125 1
vt 0.1875 1
vt 0.1875 0.8125
vt 0.0625 0.875
vt 0.0625 0.9375
vt 0.125 0.9375
vt 0.125 0.875
vt 0.0625 0.875
vt 0.0625 0.9375
vt 0.125 0.9375
vt 0.125 0.875
vt 0.125 0.8125
vt 0.125 1
vt 0.1875 1
vt 0.1875 0.8125
vt 0.125 0.8125
vt 0.125 1
vt 0.1875 1
vt 0.1875 0.8125
vt 0.125 0.8125
vt 0.125 1
vt 0.1875 1
vt 0.1875 0.8125
vt 0.125 0.8125
vt 0.125 1
vt 0.1875 1
vt 0.1875 0.8125
vt 0.0625 0.875
vt 0.0625 0.9375
vt 0.125 0.9375
vt 0.125 0.875
vt 0.0625 0.875
vt 0.0625 0.9375
vt 0.125 0.9375
vt 0.125 0.875
vt 0.125 0.8125
vt 0.125 1
vt 0.1875 1
vt 0.1875 0.8125
vt 0.125 0.8125
vt 0.125 1
vt 0.1875 1
vt 0.1875 0.8125
vt 0.125 0
vt 0.125 1
vt 0.1875 1
vt 0.1875 0
vt 0.125 0
vt 0.125 1
vt 0.1875 1
vt 0.1875 0
vt 0.0625 0.875
vt 0.0625 0.9375
vt 0.125 0.9375
vt 0.125 0.875
vt 0.0625 0.875
vt 0.0625 0.9375
vt 0.125 0.9375
vt 0.125 0.875
vt 0.125 0
vt 0.125 1
vt 0.1875 1
vt 0.1875 0
vt 0.125 0
vt 0.125 1
vt 0.1875 1
vt 0.1875 0
vt 0.125 0
vt 0.125 1
vt 0.1875 1
vt 0.1875 0
vt 0.125 0
vt 0.125 1
vt 0.1875 1
vt 0.1875 0
vt 0.0625 0.875
vt 0.0625 0.9375
vt 0.125 0.9375
vt 0.125 0.875
vt 0.0625 0.875
vt 0.0625 0.9375
vt 0.125 0.9375
vt 0.125 0.875
vt 0.125 0
vt 0.125 1
vt 0.1875 1
vt 0.1875 0
vt 0.125 0
vt 0.125 1
vt 0.1875 1
vt 0.1875 0
vt 0.125 0.9375
vt 0.125 1
vt 0.1875 1
vt 0.1875 0.9375
vt 0.125 0.9375
vt 0.125 1
vt 0.1875 1
vt 0.1875 0.9375
vt 0.4375 0.875
vt 0.4375 0.9375
vt 0.8125 0.9375
vt 0.8125 0.875
vt 0.4375 0.875
vt 0.4375 0.9375
vt 0.8125 0.9375
vt 0.8125 0.875
vt 0.5625 0.9375
vt 0.5625 1
vt 0.9375 1
vt 0.9375 0.9375
vt 0.5625 0.9375
vt 0.5625 1
vt 0.9375 1
vt 0.9375 0.9375
vt 0.125 0.9375
vt 0.125 1
vt 0.1875 1
vt 0.1875 0.9375
vt 0.125 0.9375
vt 0.125 1
vt 0.1875 1
vt 0.1875 0.9375
vt 0.4375 0.875
vt 0.4375 0.9375
vt 0.8125 0.9375
vt 0.8125 0.875
vt 0.4375 0.875
vt 0.4375 0.9375
vt 0.8125 0.9375
vt 0.8125 0.875
vt 0.5625 0.9375
vt 0.5625 1
vt 0.9375 1
vt 0.9375 0.9375
vt 0.5625 0.9375
vt 0.5625 1
vt 0.9375 1
vt 0.9375 0.9375
vt 0.0031250000000000444 0.8125
vt 0.0031250000000000444 1
vt 0.004687500000000067 1
vt 0.004687500000000067 0.8125
vt 0.0031250000000000444 0.8125
vt 0.0031250000000000444 1
vt 0.004687500000000067 1
vt 0.004687500000000067 0.8125
vt 0.375 0.996875
vt 0.375 0.9984375
vt 0.625 0.9984375
vt 0.625 0.996875
vt 0.375 0.996875
vt 0.375 0.9984375
vt 0.625 0.9984375
vt 0.625 0.996875
vt 0.625 0.8125
vt 0.625 1
vt 0.875 1
vt 0.875 0.8125
vt 0.625 0.8125
vt 0.625 1
vt 0.875 1
vt 0.875 0.8125
vt 0.125 0.9375
vt 0.125 1
vt 0.1875 1
vt 0.1875 0.9375
vt 0.125 0.9375
vt 0.125 1
vt 0.1875 1
vt 0.1875 0.9375
vt 0.4375 0.875
vt 0.4375 0.9375
vt 0.8125 0.9375
vt 0.8125 0.875
vt 0.4375 0.875
vt 0.4375 0.9375
vt 0.8125 0.9375
vt 0.8125 0.875
vt 0.5625 0.9375
vt 0.5625 1
vt 0.9375 1
vt 0.9375 0.9375
vt 0.5625 0.9375
vt 0.5625 1
vt 0.9375 1
vt 0.9375 0.9375
vt 0.25 0
vt 0.25 1
vt 0.3125 1
vt 0.3125 0
vt 0.25 0
vt 0.25 1
vt 0.3125 1
vt 0.3125 0
vt 0.0625 0.8125
vt 0.0625 0.875
vt 0.125 0.875
vt 0.125 0.8125
vt 0.0625 0.8125
vt 0.0625 0.875
vt 0.125 0.875
vt 0.125 0.8125
vt 0.125 0
vt 0.125 1
vt 0.1875 1
vt 0.1875 0
vt 0.125 0
vt 0.125 1
vt 0.1875 1
vt 0.1875 0
vn 1 0 0
vn -1 0 0
vn 0 1 0
vn 0 -1 0
vn 0 0 1
vn 0 0 -1
vn 1 0 0
vn -1 0 0
vn 0 1 0
vn 0 -1 0
vn 0 0 1
vn 0 0 -1
vn 1 0 0
vn -1 0 0
vn 0 1 0
vn 0 -1 0
vn 0 0 1
vn 0 0 -1
vn 0 0 1
vn 0 0 -1
vn 0 1 0
vn 0 -1 0
vn -1 0 2.220446049250313e-16
vn 1 0 -2.220446049250313e-16
vn 0 0 1
vn 0 0 -1
vn 0 1 0
vn 0 -1 0
vn -1 0 2.220446049250313e-16
vn 1 0 -2.220446049250313e-16
vn 0 0 1
vn 0 0 -1
vn 0 1 0
vn 0 -1 0
vn -1 0 2.220446049250313e-16
vn 1 0 -2.220446049250313e-16
vn 0 0 1
vn 0 0 -1
vn 0 1 0
vn 0 -1 0
vn -1 0 2.220446049250313e-16
vn 1 0 -2.220446049250313e-16
vn 0 0 1
vn 0 0 -1
vn 0 1 0
vn 0 -1 0
vn -1 0 2.220446049250313e-16
vn 1 0 -2.220446049250313e-16
vn 0 0 1
vn 0 0 -1
vn 0 1 0
vn 0 -1 0
vn -1 0 2.220446049250313e-16
vn 1 0 -2.220446049250313e-16
vn 0 0 1
vn 0 0 -1
vn 0 1 0
vn 0 -1 0
vn -1 0 2.220446049250313e-16
vn 1 0 -2.220446049250313e-16
vn 0 0 1
vn 0 0 -1
vn 0 1 0
vn 0 -1 0
vn -1 0 2.220446049250313e-16
vn 1 0 -2.220446049250313e-16
vn 0 0 1
vn 0 0 -1
vn 0 1 0
vn 0 -1 0
vn -1 0 2.220446049250313e-16
vn 1 0 -2.220446049250313e-16
usemtl m_cc4cbd32-c453-a4c6-e794-5e5fa231e7f1
f 820/2449/613 818/2450/613 817/2451/613
f 820/2449/613 817/2451/613 819/2452/613
f 823/2453/614 821/2454/614 822/2455/614
f 823/2453/614 822/2455/614 824/2456/614
f 817/2457/615 818/2458/615 822/2459/615
f 817/2457/615 822/2459/615 821/2460/615
f 820/2461/616 819/2462/616 823/2463/616
f 820/2461/616 823/2463/616 824/2464/616
usemtl m_95e20f84-55bb-7186-f91a-586499bd637e
f 819/2465/617 817/2466/617 821/2467/617
f 819/2465/617 821/2467/617 823/2468/617
usemtl m_cc4cbd32-c453-a4c6-e794-5e5fa231e7f1
f 824/2469/618 822/2470/618 818/2471/618
f 824/2469/618 818/2471/618 820/2472/618
f 828/2473/619 826/2474/619 825/2475/619
f 828/2473/619 825/2475/619 827/2476/619
f 831/2477/620 829/2478/620 830/2479/620
f 831/2477/620 830/2479/620 832/2480/620
f 825/2481/621 826/2482/621 830/2483/621
f 825/2481/621 830/2483/621 829/2484/621
f 828/2485/622 827/2486/622 831/2487/622
f 828/2485/622 831/2487/622 832/2488/622
f 827/2489/623 825/2490/623 829/2491/623
f 827/2489/623 829/2491/623 831/2492/623
f 832/2493/624 830/2494/624 826/2495/624
f 832/2493/624 826/2495/624 828/2496/624
f 836/2497/625 834/2498/625 833/2499/625
f 836/2497/625 833/2499/625 835/2500/625
f 839/2501/626 837/2502/626 838/2503/626
f 839/2501/626 838/2503/626 840/2504/626
f 833/2505/627 834/2506/627 838/2507/627
f 833/2505/627 838/2507/627 837/2508/627
f 836/2509/628 835/2510/628 839/2511/628
f 836/2509/628 839/2511/628 840/2512/628
usemtl m_f59e3bac-8fcc-890c-63e5-9d78c1a9e541
f 835/2513/629 833/2514/629 837/2515/629
f 835/2513/629 837/2515/629 839/2516/629
usemtl m_cc4cbd32-c453-a4c6-e794-5e5fa231e7f1
f 840/2517/630 838/2518/630 834/2519/630
f 840/2517/630 834/2519/630 836/2520/630
f 844/2521/631 842/2522/631 841/2523/631
f 844/2521/631 841/2523/631 843/2524/631
f 847/2525/632 845/2526/632 846/2527/632
f 847/2525/632 846/2527/632 848/2528/632
f 841/2529/633 842/2530/633 846/2531/633
f 841/2529/633 846/2531/633 845/2532/633
f 844/2533/634 843/2534/634 847/2535/634
f 844/2533/634 847/2535/634 848/2536/634
f 843/2537/635 841/2538/635 845/2539/635
f 843/2537/635 845/2539/635 847/2540/635
usemtl m_f59e3bac-8fcc-890c-63e5-9d78c1a9e541
f 848/2541/636 846/2542/636 842/2543/636
f 848/2541/636 842/2543/636 844/2544/636
usemtl m_cc4cbd32-c453-a4c6-e794-5e5fa231e7f1
f 852/2545/637 850/2546/637 849/2547/637
f 852/2545/637 849/2547/637 851/2548/637
f 855/2549/638 853/2550/638 854/2551/638
f 855/2549/638 854/2551/638 856/2552/638
f 849/2553/639 850/2554/639 854/2555/639
f 849/2553/639 854/2555/639 853/2556/639
f 852/2557/640 851/2558/640 855/2559/640
f 852/2557/640 855/2559/640 856/2560/640
f 851/2561/641 849/2562/641 853/2563/641
f 851/2561/641 853/2563/641 855/2564/641
usemtl m_f59e3bac-8fcc-890c-63e5-9d78c1a9e541
f 856/2565/642 854/2566/642 850/2567/642
f 856/2565/642 850/2567/642 852/2568/642
usemtl m_cc4cbd32-c453-a4c6-e794-5e5fa231e7f1
f 860/2569/643 858/2570/643 857/2571/643
f 860/2569/643 857/2571/643 859/2572/643
f 863/2573/644 861/2574/644 862/2575/644
f 863/2573/644 862/2575/644 864/2576/644
f 857/2577/645 858/2578/645 862/2579/645
f 857/2577/645 862/2579/645 861/2580/645
f 860/2581/646 859/2582/646 863/2583/646
f 860/2581/646 863/2583/646 864/2584/646
f 859/2585/647 857/2586/647 861/2587/647
f 859/2585/647 861/2587/647 863/2588/647
usemtl m_95e20f84-55bb-7186-f91a-586499bd637e
f 864/2589/648 862/2590/648 858/2591/648
f 864/2589/648 858/2591/648 860/2592/648
usemtl m_cc4cbd32-c453-a4c6-e794-5e5fa231e7f1
f 868/2593/649 866/2594/649 865/2595/649
f 868/2593/649 865/2595/649 867/2596/649
f 871/2597/650 869/2598/650 870/2599/650
f 871/2597/650 870/2599/650 872/2600/650
f 865/2601/651 866/2602/651 870/2603/651
f 865/2601/651 870/2603/651 869/2604/651
f 868/2605/652 867/2606/652 871/2607/652
f 868/2605/652 871/2607/652 872/2608/652
f 867/2609/653 865/2610/653 869/2611/653
f 867/2609/653 869/2611/653 871/2612/653
usemtl m_95e20f84-55bb-7186-f91a-586499bd637e
f 872/2613/654 870/2614/654 866/2615/654
f 872/2613/654 866/2615/654 868/2616/654
usemtl m_cc4cbd32-c453-a4c6-e794-5e5fa231e7f1
f 876/2617/655 874/2618/655 873/2619/655
f 876/2617/655 873/2619/655 875/2620/655
f 879/2621/656 877/2622/656 878/2623/656
f 879/2621/656 878/2623/656 880/2624/656
f 873/2625/657 874/2626/657 878/2627/657
f 873/2625/657 878/2627/657 877/2628/657
f 876/2629/658 875/2630/658 879/2631/658
f 876/2629/658 879/2631/658 880/2632/658
f 875/2633/659 873/2634/659 877/2635/659
f 875/2633/659 877/2635/659 879/2636/659
usemtl m_f59e3bac-8fcc-890c-63e5-9d78c1a9e541
f 880/2637/660 878/2638/660 874/2639/660
f 880/2637/660 874/2639/660 876/2640/660
usemtl m_cc4cbd32-c453-a4c6-e794-5e5fa231e7f1
f 884/2641/661 882/2642/661 881/2643/661
f 884/2641/661 881/2643/661 883/2644/661
f 887/2645/662 885/2646/662 886/2647/662
f 887/2645/662 886/2647/662 888/2648/662
f 881/2649/663 882/2650/663 886/2651/663
f 881/2649/663 886/2651/663 885/2652/663
f 884/2653/664 883/2654/664 887/2655/664
f 884/2653/664 887/2655/664 888/2656/664
f 883/2657/665 881/2658/665 885/2659/665
f 883/2657/665 885/2659/665 887/2660/665
usemtl m_95e20f84-55bb-7186-f91a-586499bd637e
f 888/2661/666 886/2662/666 882/2663/666
f 888/2661/666 882/2663/666 884/2664/666
usemtl m_cc4cbd32-c453-a4c6-e794-5e5fa231e7f1
f 892/2665/667 890/2666/667 889/2667/667
f 892/2665/667 889/2667/667 891/2668/667
f 895/2669/668 893/2670/668 894/2671/668
f 895/2669/668 894/2671/668 896/2672/668
f 889/2673/669 890/2674/669 894/2675/669
f 889/2673/669 894/2675/669 893/2676/669
f 892/2677/670 891/2678/670 895/2679/670
f 892/2677/670 895/2679/670 896/2680/670
f 891/2681/671 889/2682/671 893/2683/671
f 891/2681/671 893/2683/671 895/2684/671
usemtl m_f59e3bac-8fcc-890c-63e5-9d78c1a9e541
f 896/2685/672 894/2686/672 890/2687/672
f 896/2685/672 890/2687/672 892/2688/672
usemtl m_cc4cbd32-c453-a4c6-e794-5e5fa231e7f1
f 900/2689/673 898/2690/673 897/2691/673
f 900/2689/673 897/2691/673 899/2692/673
f 903/2693/674 901/2694/674 902/2695/674
f 903/2693/674 902/2695/674 904/2696/674
f 897/2697/675 898/2698/675 902/2699/675
f 897/2697/675 902/2699/675 901/2700/675
f 900/2701/676 899/2702/676 903/2703/676
f 900/2701/676 903/2703/676 904/2704/676
f 899/2705/677 897/2706/677 901/2707/677
f 899/2705/677 901/2707/677 903/2708/677
usemtl m_95e20f84-55bb-7186-f91a-586499bd637e
f 904/2709/678 902/2710/678 898/2711/678
f 904/2709/678 898/2711/678 900/2712/678
usemtl m_cc4cbd32-c453-a4c6-e794-5e5fa231e7f1
f 908/2713/679 906/2714/679 905/2715/679
f 908/2713/679 905/2715/679 907/2716/679
f 911/2717/680 909/2718/680 910/2719/680
f 911/2717/680 910/2719/680 912/2720/680
f 905/2721/681 906/2722/681 910/2723/681
f 905/2721/681 910/2723/681 909/2724/681
f 908/2725/682 907/2726/682 911/2727/682
f 908/2725/682 911/2727/682 912/2728/682
f 907/2729/683 905/2730/683 909/2731/683
f 907/2729/683 909/2731/683 911/2732/683
f 912/2733/684 910/2734/684 906/2735/684
f 912/2733/684 906/2735/684 908/2736/684
o g_lle
v -0.375 1.9375 -0.25
v -0.375 1.9375 -0.3125
v -0.375 0.3125 -0.25
v -0.375 0.3125 -0.3125
v -0.4375 1.9375 -0.25
v -0.4375 1.9375 -0.3125
v -0.4375 0.3125 -0.25
v -0.4375 0.3125 -0.3125
v -0.4375 2 -0.1875
v -0.4375 2 -0.375
v -0.4375 0 -0.1875
v -0.4375 0 -0.375
v -0.5 2 -0.1875
v -0.5 2 -0.375
v -0.5 0 -0.1875
v -0.5 0 -0.375
v -0.375 0.25 -0.25
v -0.375 0.25 -0.3125
v -0.375 0.0625 -0.25
v -0.375 0.0625 -0.3125
v -0.4375 0.25 -0.25
v -0.4375 0.25 -0.3125
v -0.4375 0.0625 -0.25
v -0.4375 0.0625 -0.3125
v -0.5 0.25 0.25
v -0.4375 0.25 0.25
v -0.5 0.0625 0.25
v -0.4375 0.0625 0.25
v -0.5 0.25 0.1875
v -0.4375 0.25 0.1875
v -0.5 0.0625 0.1875
v -0.4375 0.0625 0.1875
v -0.5 0.25 -0.125
v -0.4375 0.25 -0.125
v -0.5 0.0625 -0.125
v -0.4375 0.0625 -0.125
v -0.5 0.25 -0.1875
v -0.4375 0.25 -0.1875
v -0.5 0.0625 -0.1875
v -0.4375 0.0625 -0.1875
v -0.5 1.9375 -0.125
v -0.4375 1.9375 -0.125
v -0.5 0.3125 -0.125
v -0.4375 0.3125 -0.125
v -0.5 1.9375 -0.1875
v -0.4375 1.9375 -0.1875
v -0.5 0.3125 -0.1875
v -0.4375 0.3125 -0.1875
v -0.5 1.9375 0.25
v -0.4375 1.9375 0.25
v -0.5 0.3125 0.25
v -0.4375 0.3125 0.25
v -0.5 1.9375 0.1875
v -0.4375 1.9375 0.1875
v -0.5 0.3125 0.1875
v -0.4375 0.3125 0.1875
v -0.5 0.0625 0.25
v -0.4375 0.0625 0.25
v -0.5 0 0.25
v -0.4375 0 0.25
v -0.5000000000000001 0.0625 -0.1875
v -0.4375000000000001 0.0625 -0.1875
v -0.5000000000000001 0 -0.1875
v -0.4375000000000001 0 -0.1875
v -0.5 0.3125 0.25
v -0.4375 0.3125 0.25
v -0.5 0.25 0.25
v -0.4375 0.25 0.25
v -0.5000000000000001 0.3125 -0.1875
v -0.4375000000000001 0.3125 -0.1875
v -0.5000000000000001 0.25 -0.1875
v -0.4375000000000001 0.25 -0.1875
v -0.4390625 0.25 0.1875
v -0.4375 0.25 0.1875
v -0.4390625 0.0625 0.1875
v -0.4375 0.0625 0.1875
v -0.43906250000000013 0.25 -0.125
v -0.4375000000000001 0.25 -0.125
v -0.43906250000000013 0.0625 -0.125
v -0.4375000000000001 0.0625 -0.125
v -0.5 2 0.25
v -0.4375 2 0.25
v -0.5 1.9375 0.25
v -0.4375 1.9375 0.25
v -0.5000000000000001 2 -0.1875
v -0.4375000000000001 2 -0.1875
v -0.5000000000000001 1.9375 -0.1875
v -0.4375000000000001 1.9375 -0.1875
v -0.5 2 0.3125
v -0.4375 2 0.3125
v -0.5 0 0.3125
v -0.4375 0 0.3125
v -0.5 2 0.25
v -0.4375 2 0.25
v -0.5 0 0.25
v -0.4375 0 0.25
v 0 0.0625 -0.25
v 0 0.0625 -0.3125
v 0 0 -0.25
v 0 0 -0.3125
v -0.4375 0.0625 -0.25
v -0.4375 0.0625 -0.3125
v -0.4375 0 -0.25
v -0.4375 0 -0.3125
v 0 0.25 -0.25
v 0 0.25 -0.2515625
v 0 0.0625 -0.25
v 0 0.0625 -0.2515625
v -0.375 0.25 -0.25
v -0.375 0.25 -0.2515625
v -0.375 0.0625 -0.25
v -0.375 0.0625 -0.2515625
v 0 0.3125 -0.25
v 0 0.3125 -0.3125
v 0 0.25 -0.25
v 0 0.25 -0.3125
v -0.4375 0.3125 -0.25
v -0.4375 0.3125 -0.3125
v -0.4375 0.25 -0.25
v -0.4375 0.25 -0.3125
v 0 2 -0.25
v 0 2 -0.3125
v 0 1.9375 -0.25
v 0 1.9375 -0.3125
v -0.4375 2 -0.25
v -0.4375 2 -0.3125
v -0.4375 1.9375 -0.25
v -0.4375 1.9375 -0.3125
vt 0.0625 0
vt 0.0625 1
vt 0.125 1
vt 0.125 0
vt 0.0625 0
vt 0.0625 1
vt 0.125 1
vt 0.125 0
vt 0.0625 0.9375
vt 0.0625 1
vt 0.125 1
vt 0.125 0.9375
vt 0.0625 0.9375
vt 0.0625 1
vt 0.125 1
vt 0.125 0.9375
vt 0.0625 0
vt 0.0625 1
vt 0.125 1
vt 0.125 0
vt 0.0625 0
vt 0.0625 1
vt 0.125 1
vt 0.125 0
vt 0.125 0
vt 0.125 1
vt 0.3125 1
vt 0.3125 0
vt 0.125 0
vt 0.125 1
vt 0.3125 1
vt 0.3125 0
vt 0.0625 0.8125
vt 0.0625 1
vt 0.125 1
vt 0.125 0.8125
vt 0.0625 0.8125
vt 0.0625 1
vt 0.125 1
vt 0.125 0.8125
vt 0.0625 0
vt 0.0625 1
vt 0.125 1
vt 0.125 0
vt 0.0625 0
vt 0.0625 1
vt 0.125 1
vt 0.125 0
vt 0.0625 0.8125
vt 0.0625 1
vt 0.125 1
vt 0.125 0.8125
vt 0.0625 0.8125
vt 0.0625 1
vt 0.125 1
vt 0.125 0.8125
vt 0.0625 0.9375
vt 0.0625 1
vt 0.125 1
vt 0.125 0.9375
vt 0.0625 0.9375
vt 0.0625 1
vt 0.125 1
vt 0.125 0.9375
vt 0.0625 0.8125
vt 0.0625 1
vt 0.125 1
vt 0.125 0.8125
vt 0.0625 0.8125
vt 0.0625 1
vt 0.125 1
vt 0.125 0.8125
vt 0.125 0.8125
vt 0.125 1
vt 0.1875 1
vt 0.1875 0.8125
vt 0.125 0.8125
vt 0.125 1
vt 0.1875 1
vt 0.1875 0.8125
vt 0.0625 0.875
vt 0.0625 0.9375
vt 0.125 0.9375
vt 0.125 0.875
vt 0.0625 0.875
vt 0.0625 0.9375
vt 0.125 0.9375
vt 0.125 0.875
vt 0.125 0.8125
vt 0.125 1
vt 0.1875 1
vt 0.1875 0.8125
vt 0.125 0.8125
vt 0.125 1
vt 0.1875 1
vt 0.1875 0.8125
vt 0.125 0.8125
vt 0.125 1
vt 0.1875 1
vt 0.1875 0.8125
vt 0.125 0.8125
vt 0.125 1
vt 0.1875 1
vt 0.1875 0.8125
vt 0.0625 0.875
vt 0.0625 0.9375
vt 0.125 0.9375
vt 0.125 0.875
vt 0.0625 0.875
vt 0.0625 0.9375
vt 0.125 0.9375
vt 0.125 0.875
vt 0.125 0.8125
vt 0.125 1
vt 0.1875 1
vt 0.1875 0.8125
vt 0.125 0.8125
vt 0.125 1
vt 0.1875 1
vt 0.1875 0.8125
vt 0.125 0
vt 0.125 1
vt 0.1875 1
vt 0.1875 0
vt 0.125 0
vt 0.125 1
vt 0.1875 1
vt 0.1875 0
vt 0.0625 0.875
vt 0.0625 0.9375
vt 0.125 0.9375
vt 0.125 0.875
vt 0.0625 0.875
vt 0.0625 0.9375
vt 0.125 0.9375
vt 0.125 0.875
vt 0.125 0
vt 0.125 1
vt 0.1875 1
vt 0.1875 0
vt 0.125 0
vt 0.125 1
vt 0.1875 1
vt 0.1875 0
vt 0.125 0
vt 0.125 1
vt 0.1875 1
vt 0.1875 0
vt 0.125 0
vt 0.125 1
vt 0.1875 1
vt 0.1875 0
vt 0.0625 0.875
vt 0.0625 0.9375
vt 0.125 0.9375
vt 0.125 0.875
vt 0.0625 0.875
vt 0.0625 0.9375
vt 0.125 0.9375
vt 0.125 0.875
vt 0.125 0
vt 0.125 1
vt 0.1875 1
vt 0.1875 0
vt 0.125 0
vt 0.125 1
vt 0.1875 1
vt 0.1875 0
vt 0.125 0.9375
vt 0.125 1
vt 0.1875 1
vt 0.1875 0.9375
vt 0.125 0.9375
vt 0.125 1
vt 0.1875 1
vt 0.1875 0.9375
vt 0.4375 0.875
vt 0.4375 0.9375
vt 0.875 0.9375
vt 0.875 0.875
vt 0.4375 0.875
vt 0.4375 0.9375
vt 0.875 0.9375
vt 0.875 0.875
vt 0.5625 0.9375
vt 0.5625 1
vt 1 1
vt 1 0.9375
vt 0.5625 0.9375
vt 0.5625 1
vt 1 1
vt 1 0.9375
vt 0.125 0.9375
vt 0.125 1
vt 0.1875 1
vt 0.1875 0.9375
vt 0.125 0.9375
vt 0.125 1
vt 0.1875 1
vt 0.1875 0.9375
vt 0.4375 0.875
vt 0.4375 0.9375
vt 0.875 0.9375
vt 0.875 0.875
vt 0.4375 0.875
vt 0.4375 0.9375
vt 0.875 0.9375
vt 0.875 0.875
vt 0.5625 0.9375
vt 0.5625 1
vt 1 1
vt 1 0.9375
vt 0.5625 0.9375
vt 0.5625 1
vt 1 1
vt 1 0.9375
vt 0.0031250000000000444 0.8125
vt 0.0031250000000000444 1
vt 0.004687500000000067 1
vt 0.004687500000000067 0.8125
vt 0.0031250000000000444 0.8125
vt 0.0031250000000000444 1
vt 0.004687500000000067 1
vt 0.004687500000000067 0.8125
vt 0.375 0.996875
vt 0.375 0.9984375
vt 0.6875 0.9984375
vt 0.6875 0.996875
vt 0.375 0.996875
vt 0.375 0.9984375
vt 0.6875 0.9984375
vt 0.6875 0.996875
vt 0.625 0.8125
vt 0.625 1
vt 0.9375 1
vt 0.9375 0.8125
vt 0.625 0.8125
vt 0.625 1
vt 0.9375 1
vt 0.9375 0.8125
vt 0.125 0.9375
vt 0.125 1
vt 0.1875 1
vt 0.1875 0.9375
vt 0.125 0.9375
vt 0.125 1
vt 0.1875 1
vt 0.1875 0.9375
vt 0.4375 0.875
vt 0.4375 0.9375
vt 0.875 0.9375
vt 0.875 0.875
vt 0.4375 0.875
vt 0.4375 0.9375
vt 0.875 0.9375
vt 0.875 0.875
vt 0.5625 0.9375
vt 0.5625 1
vt 1 1
vt 1 0.9375
vt 0.5625 0.9375
vt 0.5625 1
vt 1 1
vt 1 0.9375
vt 0.25 0
vt 0.25 1
vt 0.3125 1
vt 0.3125 0
vt 0.25 0
vt 0.25 1
vt 0.3125 1
vt 0.3125 0
vt 0.0625 0.8125
vt 0.0625 0.875
vt 0.125 0.875
vt 0.125 0.8125
vt 0.0625 0.8125
vt 0.0625 0.875
vt 0.125 0.875
vt 0.125 0.8125
vt 0.125 0
vt 0.125 1
vt 0.1875 1
vt 0.1875 0
vt 0.125 0
vt 0.125 1
vt 0.1875 1
vt 0.1875 0
vt 0.0625 0.9375
vt 0.0625 1
vt 0.125 1
vt 0.125 0.9375
vt 0.0625 0.9375
vt 0.0625 1
vt 0.125 1
vt 0.125 0.9375
vt 0.4375 0.9375
vt 0.4375 1
vt 0.875 1
vt 0.875 0.9375
vt 0.4375 0.9375
vt 0.4375 1
vt 0.875 1
vt 0.875 0.9375
vt 0.4375 0.9375
vt 0.4375 1
vt 0.875 1
vt 0.875 0.9375
vt 0.4375 0.9375
vt 0.4375 1
vt 0.875 1
vt 0.875 0.9375
vt 0.0015625000000000222 0.8125
vt 0.0015625000000000222 1
vt 0.0031250000000000444 1
vt 0.0031250000000000444 0.8125
vt 0.0015625000000000222 0.8125
vt 0.0015625000000000222 1
vt 0.0031250000000000444 1
vt 0.0031250000000000444 0.8125
vt 0.375 0.9984375
vt 0.375 1
vt 0.75 1
vt 0.75 0.9984375
vt 0.375 0.9984375
vt 0.375 1
vt 0.75 1
vt 0.75 0.9984375
vt 0.375 0.8125
vt 0.375 1
vt 0.75 1
vt 0.75 0.8125
vt 0.375 0.8125
vt 0.375 1
vt 0.75 1
vt 0.75 0.8125
vt 0.0625 0.9375
vt 0.0625 1
vt 0.125 1
vt 0.125 0.9375
vt 0.0625 0.9375
vt 0.0625 1
vt 0.125 1
vt 0.125 0.9375
vt 0.4375 0.9375
vt 0.4375 1
vt 0.875 1
vt 0.875 0.9375
vt 0.4375 0.9375
vt 0.4375 1
vt 0.875 1
vt 0.875 0.9375
vt 0.4375 0.9375
vt 0.4375 1
vt 0.875 1
vt 0.875 0.9375
vt 0.4375 0.9375
vt 0.4375 1
vt 0.875 1
vt 0.875 0.9375
vt 0.0625 0.9375
vt 0.0625 1
vt 0.125 1
vt 0.125 0.9375
vt 0.0625 0.9375
vt 0.0625 1
vt 0.125 1
vt 0.125 0.9375
vt 0.4375 0.9375
vt 0.4375 1
vt 0.875 1
vt 0.875 0.9375
vt 0.4375 0.9375
vt 0.4375 1
vt 0.875 1
vt 0.875 0.9375
vt 0.4375 0.9375
vt 0.4375 1
vt 0.875 1
vt 0.875 0.9375
vt 0.4375 0.9375
vt 0.4375 1
vt 0.875 1
vt 0.875 0.9375
vn 1 0 0
vn -1 0 0
vn 0 1 0
vn 0 -1 0
vn 0 0 1
vn 0 0 -1
vn 1 0 0
vn -1 0 0
vn 0 1 0
vn 0 -1 0
vn 0 0 1
vn 0 0 -1
vn 1 0 0
vn -1 0 0
vn 0 1 0
vn 0 -1 0
vn 0 0 1
vn 0 0 -1
vn 0 0 1
vn 0 0 -1
vn 0 1 0
vn 0 -1 0
vn -1 0 0
vn 1 0 0
vn 0 0 1
vn 0 0 -1
vn 0 1 0
vn 0 -1 0
vn -1 0 0
vn 1 0 0
vn 0 0 1
vn 0 0 -1
vn 0 1 0
vn 0 -1 0
vn -1 0 0
vn 1 0 0
vn 0 0 1
vn 0 0 -1
vn 0 1 0
vn 0 -1 0
vn -1 0 0
vn 1 0 0
vn 0 0 1
vn 0 0 -1
vn 0 1 0
vn 0 -1 0
vn -1 0 2.5376526277146434e-16
vn 1 0 -2.5376526277146434e-16
vn 0 0 1
vn 0 0 -1
vn 0 1 0
vn 0 -1 0
vn -1 0 2.5376526277146434e-16
vn 1 0 -2.5376526277146434e-16
vn 0 0 1
vn 0 0 -1
vn 0 1 0
vn 0 -1 0
vn -1 0 3.552713678800501e-16
vn 1 0 -3.552713678800501e-16
vn 0 0 1
vn 0 0 -1
vn 0 1 0
vn 0 -1 0
vn -1 0 2.5376526277146434e-16
vn 1 0 -2.5376526277146434e-16
vn 0 0 1
vn 0 0 -1
vn 0 1 0
vn 0 -1 0
vn -1 0 0
vn 1 0 0
vn 1 0 0
vn -1 0 0
vn 0 1 0
vn 0 -1 0
vn 0 0 1
vn 0 0 -1
vn 1 0 0
vn -1 0 0
vn 0 1 0
vn 0 -1 0
vn 0 0 1
vn 0 0 -1
vn 1 0 0
vn -1 0 0
vn 0 1 0
vn 0 -1 0
vn 0 0 1
vn 0 0 -1
vn 1 0 0
vn -1 0 0
vn 0 1 0
vn 0 -1 0
vn 0 0 1
vn 0 0 -1
usemtl m_cc4cbd32-c453-a4c6-e794-5e5fa231e7f1
f 916/2737/685 914/2738/685 913/2739/685
f 916/2737/685 913/2739/685 915/2740/685
f 919/2741/686 917/2742/686 918/2743/686
f 919/2741/686 918/2743/686 920/2744/686
f 913/2745/687 914/2746/687 918/2747/687
f 913/2745/687 918/2747/687 917/2748/687
f 916/2749/688 915/2750/688 919/2751/688
f 916/2749/688 919/2751/688 920/2752/688
usemtl m_95e20f84-55bb-7186-f91a-586499bd637e
f 915/2753/689 913/2754/689 917/2755/689
f 915/2753/689 917/2755/689 919/2756/689
usemtl m_cc4cbd32-c453-a4c6-e794-5e5fa231e7f1
f 920/2757/690 918/2758/690 914/2759/690
f 920/2757/690 914/2759/690 916/2760/690
f 924/2761/691 922/2762/691 921/2763/691
f 924/2761/691 921/2763/691 923/2764/691
f 927/2765/692 925/2766/692 926/2767/692
f 927/2765/692 926/2767/692 928/2768/692
f 921/2769/693 922/2770/693 926/2771/693
f 921/2769/693 926/2771/693 925/2772/693
f 924/2773/694 923/2774/694 927/2775/694
f 924/2773/694 927/2775/694 928/2776/694
f 923/2777/695 921/2778/695 925/2779/695
f 923/2777/695 925/2779/695 927/2780/695
f 928/2781/696 926/2782/696 922/2783/696
f 928/2781/696 922/2783/696 924/2784/696
f 932/2785/697 930/2786/697 929/2787/697
f 932/2785/697 929/2787/697 931/2788/697
f 935/2789/698 933/2790/698 934/2791/698
f 935/2789/698 934/2791/698 936/2792/698
f 929/2793/699 930/2794/699 934/2795/699
f 929/2793/699 934/2795/699 933/2796/699
f 932/2797/700 931/2798/700 935/2799/700
f 932/2797/700 935/2799/700 936/2800/700
usemtl m_f59e3bac-8fcc-890c-63e5-9d78c1a9e541
f 931/2801/701 929/2802/701 933/2803/701
f 931/2801/701 933/2803/701 935/2804/701
usemtl m_cc4cbd32-c453-a4c6-e794-5e5fa231e7f1
f 936/2805/702 934/2806/702 930/2807/702
f 936/2805/702 930/2807/702 932/2808/702
f 940/2809/703 938/2810/703 937/2811/703
f 940/2809/703 937/2811/703 939/2812/703
f 943/2813/704 941/2814/704 942/2815/704
f 943/2813/704 942/2815/704 944/2816/704
f 937/2817/705 938/2818/705 942/2819/705
f 937/2817/705 942/2819/705 941/2820/705
f 940/2821/706 939/2822/706 943/2823/706
f 940/2821/706 943/2823/706 944/2824/706
f 939/2825/707 937/2826/707 941/2827/707
f 939/2825/707 941/2827/707 943/2828/707
usemtl m_f59e3bac-8fcc-890c-63e5-9d78c1a9e541
f 944/2829/708 942/2830/708 938/2831/708
f 944/2829/708 938/2831/708 940/2832/708
usemtl m_cc4cbd32-c453-a4c6-e794-5e5fa231e7f1
f 948/2833/709 946/2834/709 945/2835/709
f 948/2833/709 945/2835/709 947/2836/709
f 951/2837/710 949/2838/710 950/2839/710
f 951/2837/710 950/2839/710 952/2840/710
f 945/2841/711 946/2842/711 950/2843/711
f 945/2841/711 950/2843/711 949/2844/711
f 948/2845/712 947/2846/712 951/2847/712
f 948/2845/712 951/2847/712 952/2848/712
f 947/2849/713 945/2850/713 949/2851/713
f 947/2849/713 949/2851/713 951/2852/713
usemtl m_f59e3bac-8fcc-890c-63e5-9d78c1a9e541
f 952/2853/714 950/2854/714 946/2855/714
f 952/2853/714 946/2855/714 948/2856/714
usemtl m_cc4cbd32-c453-a4c6-e794-5e5fa231e7f1
f 956/2857/715 954/2858/715 953/2859/715
f 956/2857/715 953/2859/715 955/2860/715
f 959/2861/716 957/2862/716 958/2863/716
f 959/2861/716 958/2863/716 960/2864/716
f 953/2865/717 954/2866/717 958/2867/717
f 953/2865/717 958/2867/717 957/2868/717
f 956/2869/718 955/2870/718 959/2871/718
f 956/2869/718 959/2871/718 960/2872/718
f 955/2873/719 953/2874/719 957/2875/719
f 955/2873/719 957/2875/719 959/2876/719
usemtl m_95e20f84-55bb-7186-f91a-586499bd637e
f 960/2877/720 958/2878/720 954/2879/720
f 960/2877/720 954/2879/720 956/2880/720
usemtl m_cc4cbd32-c453-a4c6-e794-5e5fa231e7f1
f 964/2881/721 962/2882/721 961/2883/721
f 964/2881/721 961/2883/721 963/2884/721
f 967/2885/722 965/2886/722 966/2887/722
f 967/2885/722 966/2887/722 968/2888/722
f 961/2889/723 962/2890/723 966/2891/723
f 961/2889/723 966/2891/723 965/2892/723
f 964/2893/724 963/2894/724 967/2895/724
f 964/2893/724 967/2895/724 968/2896/724
f 963/2897/725 961/2898/725 965/2899/725
f 963/2897/725 965/2899/725 967/2900/725
usemtl m_95e20f84-55bb-7186-f91a-586499bd637e
f 968/2901/726 966/2902/726 962/2903/726
f 968/2901/726 962/2903/726 964/2904/726
usemtl m_cc4cbd32-c453-a4c6-e794-5e5fa231e7f1
f 972/2905/727 970/2906/727 969/2907/727
f 972/2905/727 969/2907/727 971/2908/727
f 975/2909/728 973/2910/728 974/2911/728
f 975/2909/728 974/2911/728 976/2912/728
f 969/2913/729 970/2914/729 974/2915/729
f 969/2913/729 974/2915/729 973/2916/729
f 972/2917/730 971/2918/730 975/2919/730
f 972/2917/730 975/2919/730 976/2920/730
f 971/2921/731 969/2922/731 973/2923/731
f 971/2921/731 973/2923/731 975/2924/731
usemtl m_f59e3bac-8fcc-890c-63e5-9d78c1a9e541
f 976/2925/732 974/2926/732 970/2927/732
f 976/2925/732 970/2927/732 972/2928/732
usemtl m_cc4cbd32-c453-a4c6-e794-5e5fa231e7f1
f 980/2929/733 978/2930/733 977/2931/733
f 980/2929/733 977/2931/733 979/2932/733
f 983/2933/734 981/2934/734 982/2935/734
f 983/2933/734 982/2935/734 984/2936/734
f 977/2937/735 978/2938/735 982/2939/735
f 977/2937/735 982/2939/735 981/2940/735
f 980/2941/736 979/2942/736 983/2943/736
f 980/2941/736 983/2943/736 984/2944/736
f 979/2945/737 977/2946/737 981/2947/737
f 979/2945/737 981/2947/737 983/2948/737
usemtl m_95e20f84-55bb-7186-f91a-586499bd637e
f 984/2949/738 982/2950/738 978/2951/738
f 984/2949/738 978/2951/738 980/2952/738
usemtl m_cc4cbd32-c453-a4c6-e794-5e5fa231e7f1
f 988/2953/739 986/2954/739 985/2955/739
f 988/2953/739 985/2955/739 987/2956/739
f 991/2957/740 989/2958/740 990/2959/740
f 991/2957/740 990/2959/740 992/2960/740
f 985/2961/741 986/2962/741 990/2963/741
f 985/2961/741 990/2963/741 989/2964/741
f 988/2965/742 987/2966/742 991/2967/742
f 988/2965/742 991/2967/742 992/2968/742
f 987/2969/743 985/2970/743 989/2971/743
f 987/2969/743 989/2971/743 991/2972/743
usemtl m_f59e3bac-8fcc-890c-63e5-9d78c1a9e541
f 992/2973/744 990/2974/744 986/2975/744
f 992/2973/744 986/2975/744 988/2976/744
usemtl m_cc4cbd32-c453-a4c6-e794-5e5fa231e7f1
f 996/2977/745 994/2978/745 993/2979/745
f 996/2977/745 993/2979/745 995/2980/745
f 999/2981/746 997/2982/746 998/2983/746
f 999/2981/746 998/2983/746 1000/2984/746
f 993/2985/747 994/2986/747 998/2987/747
f 993/2985/747 998/2987/747 997/2988/747
f 996/2989/748 995/2990/748 999/2991/748
f 996/2989/748 999/2991/748 1000/2992/748
f 995/2993/749 993/2994/749 997/2995/749
f 995/2993/749 997/2995/749 999/2996/749
usemtl m_95e20f84-55bb-7186-f91a-586499bd637e
f 1000/2997/750 998/2998/750 994/2999/750
f 1000/2997/750 994/2999/750 996/3000/750
usemtl m_cc4cbd32-c453-a4c6-e794-5e5fa231e7f1
f 1004/3001/751 1002/3002/751 1001/3003/751
f 1004/3001/751 1001/3003/751 1003/3004/751
f 1007/3005/752 1005/3006/752 1006/3007/752
f 1007/3005/752 1006/3007/752 1008/3008/752
f 1001/3009/753 1002/3010/753 1006/3011/753
f 1001/3009/753 1006/3011/753 1005/3012/753
f 1004/3013/754 1003/3014/754 1007/3015/754
f 1004/3013/754 1007/3015/754 1008/3016/754
f 1003/3017/755 1001/3018/755 1005/3019/755
f 1003/3017/755 1005/3019/755 1007/3020/755
f 1008/3021/756 1006/3022/756 1002/3023/756
f 1008/3021/756 1002/3023/756 1004/3024/756
f 1012/3025/757 1010/3026/757 1009/3027/757
f 1012/3025/757 1009/3027/757 1011/3028/757
f 1015/3029/758 1013/3030/758 1014/3031/758
f 1015/3029/758 1014/3031/758 1016/3032/758
f 1009/3033/759 1010/3034/759 1014/3035/759
f 1009/3033/759 1014/3035/759 1013/3036/759
f 1012/3037/760 1011/3038/760 1015/3039/760
f 1012/3037/760 1015/3039/760 1016/3040/760
usemtl m_f59e3bac-8fcc-890c-63e5-9d78c1a9e541
f 1011/3041/761 1009/3042/761 1013/3043/761
f 1011/3041/761 1013/3043/761 1015/3044/761
usemtl m_cc4cbd32-c453-a4c6-e794-5e5fa231e7f1
f 1016/3045/762 1014/3046/762 1010/3047/762
f 1016/3045/762 1010/3047/762 1012/3048/762
f 1020/3049/763 1018/3050/763 1017/3051/763
f 1020/3049/763 1017/3051/763 1019/3052/763
f 1023/3053/764 1021/3054/764 1022/3055/764
f 1023/3053/764 1022/3055/764 1024/3056/764
f 1017/3057/765 1018/3058/765 1022/3059/765
f 1017/3057/765 1022/3059/765 1021/3060/765
f 1020/3061/766 1019/3062/766 1023/3063/766
f 1020/3061/766 1023/3063/766 1024/3064/766
usemtl m_f59e3bac-8fcc-890c-63e5-9d78c1a9e541
f 1019/3065/767 1017/3066/767 1021/3067/767
f 1019/3065/767 1021/3067/767 1023/3068/767
usemtl m_cc4cbd32-c453-a4c6-e794-5e5fa231e7f1
f 1024/3069/768 1022/3070/768 1018/3071/768
f 1024/3069/768 1018/3071/768 1020/3072/768
f 1028/3073/769 1026/3074/769 1025/3075/769
f 1028/3073/769 1025/3075/769 1027/3076/769
f 1031/3077/770 1029/3078/770 1030/3079/770
f 1031/3077/770 1030/3079/770 1032/3080/770
f 1025/3081/771 1026/3082/771 1030/3083/771
f 1025/3081/771 1030/3083/771 1029/3084/771
f 1028/3085/772 1027/3086/772 1031/3087/772
f 1028/3085/772 1031/3087/772 1032/3088/772
usemtl m_95e20f84-55bb-7186-f91a-586499bd637e
f 1027/3089/773 1025/3090/773 1029/3091/773
f 1027/3089/773 1029/3091/773 1031/3092/773
usemtl m_cc4cbd32-c453-a4c6-e794-5e5fa231e7f1
f 1032/3093/774 1030/3094/774 1026/3095/774
f 1032/3093/774 1026/3095/774 1028/3096/774
f 1036/3097/775 1034/3098/775 1033/3099/775
f 1036/3097/775 1033/3099/775 1035/3100/775
f 1039/3101/776 1037/3102/776 1038/3103/776
f 1039/3101/776 1038/3103/776 1040/3104/776
f 1033/3105/777 1034/3106/777 1038/3107/777
f 1033/3105/777 1038/3107/777 1037/3108/777
f 1036/3109/778 1035/3110/778 1039/3111/778
f 1036/3109/778 1039/3111/778 1040/3112/778
usemtl m_95e20f84-55bb-7186-f91a-586499bd637e
f 1035/3113/779 1033/3114/779 1037/3115/779
f 1035/3113/779 1037/3115/779 1039/3116/779
usemtl m_cc4cbd32-c453-a4c6-e794-5e5fa231e7f1
f 1040/3117/780 1038/3118/780 1034/3119/780
f 1040/3117/780 1034/3119/780 1036/3120/780